0,Matthew Russell,487 Thompson Land Apt. 775 Port Chelseyport. WA 04369,2020-09-28,03:57:56,328,351
1,Monica Johnson,43208 Angela Street Port Krystaltown. RI 19541,1975-12-26,15:36:17,59,664
2,Tammy Mccormick,11379 William Gardens New Shannonshire. SC 17204,2007-06-30,22:34:43,200,541
3,Stephanie Torres,718 Simpson Cove South Sarah. AS 18921,1988-02-29,08:12:22,132,116
4,Elizabeth Chambers,Unit 2565 Box 3118 DPO AP 87417,1998-05-25,08:17:50,624,160
5,Erik Heath,247 Jones Common Spencerfort. LA 89558,2022-10-25,08:50:58,163,126
6,Kenneth Mendez,6516 Smith Rapid Stephanietown. NE 43989,2001-02-09,02:20:34,526,477
7,Jason Jones MD,06301 Corey Locks Alexchester. VI 20031,2017-06-11,11:51:47,578,902
8,Heather Johnson,032 Wilson Point Suite 980 Cervantesland. NM 21960,1998-08-11,13:54:52,579,611
9,Melissa Collins,4543 Alyssa Burg Apt. 108 Lake Adammouth. GA 04021,2022-10-06,21:42:55,748,650
10,David Price,293 Jennifer Crescent Port Catherinehaven. MO 61174,1986-09-14,04:23:40,862,699
11,Isaac Wagner,84649 Clements Wells Jasonville. MH 08856,1982-07-31,15:20:39,191,35
12,Sandra Smith,63989 Cook Springs Hallmouth. IL 82590,2020-06-04,10:37:40,738,151
13,Ryan Perez,104 Thomas Via Suite 958 New John. AZ 76880,1991-11-16,04:59:23,38,772
14,Bryan Cooper,93999 Washington Well Ginahaven. LA 63094,1986-11-08,05:50:15,651,918
15,Ana Wright,2499 Johnson Courts Sheliatown. AL 20159,1982-02-23,13:06:48,194,825
16,Anthony Jones,319 Burgess Row Taylorfurt. NM 42046,1994-07-17,13:33:00,113,251
17,Melissa Figueroa,054 Merritt Rapids Apt. 234 Port Andreashire. KS 07313,1987-12-05,22:52:48,480,406
18,Justin Pineda,35886 Lewis River Suite 012 South Williamberg. RI 38191,1979-06-21,06:55:52,433,161
19,Stephanie Sullivan,78295 Danielle Mountains Lisamouth. MD 70087,1982-02-26,20:03:55,470,110
20,Shane Garcia,Unit 9302 Box 6109 DPO AP 54354,2020-02-16,09:34:36,139,321
21,Nicole Blackburn,26852 Danielle Summit South Stacy. RI 18714,1992-07-05,14:36:12,388,877
22,Tracy Anderson,521 Johnson Mission Suite 246 Thompsonborough. SC 67851,2001-09-26,16:27:40,707,806
23,Benjamin Nelson,790 Martinez Landing Fordhaven. MI 65696,2022-07-10,02:58:23,263,378
24,Nicholas Bell,47718 Smith Forks West Jamesberg. WY 91760,2007-02-03,17:18:25,544,736
25,Haley King,7931 Calhoun Canyon Apt. 942 South Sherriview. CA 77554,1983-04-05,19:32:26,706,207
26,Shawn Jones,2129 Clark Ports West Tylermouth. NY 96275,2002-03-29,11:12:30,504,635
27,Alexa Gross,USCGC Watson FPO AE 18716,2014-07-04,12:45:38,982,176
28,Karen Willis,440 Laurie Vista Juliestad. MS 08473,2013-08-29,04:16:32,958,237
29,Arthur Stone,09498 Crawford Coves East Tiffany. NJ 33962,1988-05-19,23:07:29,172,91
30,Jacob Kelly,70542 Hanna Courts West Ericstad. KY 84267,1984-07-29,16:14:52,661,158
31,Crystal Wallace,26593 James Village Suite 821 Joshuastad. SD 22694,2008-10-09,18:02:10,183,165
32,Holly Holmes,749 Brown Valley New Adam. GA 66182,2012-02-20,01:01:35,308,940
33,James Oliver,734 Watts Bypass Bairdmouth. MN 98461,1983-08-20,01:46:10,715,174
34,Stephanie Herrera,8379 Bullock Center Suite 410 Murphyfurt. IL 62196,1973-01-19,12:46:35,733,604
35,Edward Gonzalez,6169 Chelsea Centers Johnville. NY 28050,1984-01-27,01:13:42,925,446
36,Yolanda Perez,53611 Amber Mountain West Andreaville. IA 55642,1997-01-30,19:08:39,570,426
37,Sharon Hill,289 Weber Vista South Garyview. MT 60633,1991-07-03,07:40:07,352,296
38,Diana Hall DDS,97254 Townsend Shoal Port Melanie. ID 27033,2002-02-01,17:03:22,722,202
39,Corey Walter,8953 Stone Locks Apt. 873 Wilcoxberg. AS 19643,2002-10-26,01:56:18,56,465
40,Rachel Clarke,0617 Santos Fork Apt. 380 Cheyennetown. AR 93396,2003-08-19,21:40:48,987,138
41,Julia Johnson,94363 Geoffrey Loaf Apt. 112 Huntstad. MA 84877,2020-10-23,06:53:03,726,463
42,Brian Zimmerman,607 Ashley Hollow Apt. 767 New Daniel. AS 74206,2019-10-28,10:39:11,858,557
43,Samantha Santiago,825 Adams Avenue Apt. 784 Lake Jamestown. IL 05328,2014-04-28,13:24:01,30,310
44,Cory Duran,60409 Samantha Avenue Apt. 121 Port Eric. CT 45075,1992-12-12,21:22:54,459,771
45,Tracy Rice,82452 Daniel Union Apt. 733 North Jasminestad. MH 93940,2012-07-08,08:53:29,803,279
46,Jennifer Tate,251 Smith Drive East Maria. MH 63291,2012-03-28,22:31:56,305,407
47,Kathryn Hernandez MD,7914 Leach Stravenue Jenniferchester. VI 18046,2013-04-12,06:23:30,519,10
48,Donald Wall,Unit 7045 Box 6384 DPO AA 98930,1994-06-15,10:32:26,589,803
49,David Bryan,USCGC Arellano FPO AP 67720,2005-01-19,20:49:16,721,196
50,Travis Reid,36468 April Mews New Daniellestad. PR 49129,1997-03-15,09:12:37,578,12
51,Brian Wong,76055 Karen Camp Apt. 977 Curtismouth. OR 96758,2023-05-24,00:56:10,963,397
52,Alec Bradley,USNS Gray FPO AA 13933,1998-06-21,19:02:20,673,219
53,Jennifer Kelley,PSC 4918. Box 2411 APO AE 38483,1984-10-03,18:25:39,685,209
54,Rachael Lynch,PSC 7586. Box 8416 APO AE 57662,1975-06-15,16:52:17,993,47
55,Janet Shaw,PSC 9349. Box 7125 APO AE 24593,2021-03-05,02:27:55,386,286
56,Linda Le,011 Robinson Falls Suite 443 North Keith. NV 85942,2001-02-25,15:29:03,23,411
57,Katelyn Benitez,7962 Cathy Court Andrewland. AK 25126,1981-07-04,08:21:56,610,850
58,William Palmer,164 Robin Stravenue Ewingborough. CT 61463,2021-10-25,07:55:03,206,295
59,Ashley Perez,002 Jones Fork Stevensfort. HI 33571,1980-05-15,23:31:58,717,202
60,Angel Brooks,29138 Shawn Lodge Suite 303 Port Monica. MN 34866,2004-01-15,21:45:31,286,212
61,Jackson Combs,8700 Jennifer Circle New Andrewton. WY 76023,1975-05-23,00:07:04,163,349
62,Robert Madden,63997 Lara Haven New Richardmouth. CA 43960,1981-01-01,07:05:08,918,858
63,Dr. Katherine Williams,PSC 9522. Box 4829 APO AA 74917,1973-02-06,09:18:08,916,775
64,Erin Crawford,517 Lewis Squares Suite 497 Jasmineborough. MO 67143,1997-10-15,12:58:44,932,726
65,Tara Tucker,753 Soto Wall Suite 651 Lake David. ID 05254,1975-03-13,19:20:50,713,547
66,Billy Newton,7231 Patton Park Apt. 071 Nancymouth. KY 40546,1985-02-24,16:28:13,463,706
67,John Thomas,67960 Carlos Rue New Angelafort. HI 74884,2010-07-27,21:11:12,970,861
68,Katelyn Carr,2395 Anna Shoal Apt. 976 New James. AR 02406,2013-08-13,18:59:11,813,214
69,Lisa Sullivan,53906 Douglas Dale Trevormouth. NH 92505,1989-07-27,01:44:17,740,953
70,Colleen Gonzalez,95067 James Inlet Apt. 568 Port Karen. NM 15654,2015-03-30,13:03:09,733,743
71,Justin Williams,821 Dalton Forks Suite 312 West Jasonberg. MA 65911,2017-10-14,10:41:08,432,877
72,David Moreno,3306 John Groves Apt. 070 Lake Michael. ME 94282,1981-03-15,02:54:36,738,191
73,Cassandra Osborn,USNS Velasquez FPO AA 89507,2005-10-21,16:23:53,308,525
74,Elizabeth Kline,6113 Jessica Spring North Andrestad. ID 24585,1971-10-05,00:46:19,594,381
75,Charles Gonzalez,623 Cole Ways Ricemouth. NM 97520,2009-10-03,00:32:33,439,582
76,John Davis,23194 Strickland Roads East Michael. GU 07107,2018-02-23,19:23:18,719,28
77,Anthony Obrien,232 Tucker Meadows Apt. 224 Robinsonland. OK 52519,1980-07-30,23:17:14,133,283
78,Jasmine Nolan,3983 Vaughn Point Suite 245 New Daniel. NV 50968,1974-04-20,08:18:28,215,68
79,Dana Martin,USS Lynch FPO AA 19494,1986-01-12,05:05:50,51,623
80,Jessica Graham,USS Elliott FPO AP 50039,1972-08-09,06:39:17,908,846
81,Benjamin Espinoza,702 Karen Locks Suite 587 East Heather. NH 36887,2003-12-12,15:38:42,754,851
82,Justin Howard,Unit 2688 Box 4317 DPO AA 89103,2006-09-10,22:16:52,760,941
83,April Sandoval,USNS Green FPO AE 49413,1985-09-30,07:29:08,266,304
84,Gary Wilkerson,43688 Frazier Trail West Linda. TX 75506,2020-11-07,21:14:44,169,66
85,Angela Zuniga,990 Michael Garden Solomonton. KS 36483,1991-07-12,03:01:11,996,425
86,Theresa Garcia,4802 John Lakes Cherylborough. UT 16584,1986-07-07,00:10:13,700,919
87,Gabriel Woods,3400 Proctor Glen Jennifermouth. IA 61084,1979-01-06,19:09:15,982,249
88,Steve Morrow,05840 Foster Plains Owensville. WA 00650,1991-05-08,14:05:11,661,821
89,Mr. Adam Fox,Unit 0695 Box 3036 DPO AA 45807,2020-06-14,18:31:27,745,881
90,Michael Adams,54023 Johnson Springs North Joannside. MS 14409,2000-08-12,17:10:06,709,705
91,Margaret Sims,9615 Donna Street Apt. 263 West Alice. ME 83791,1971-12-15,07:25:54,90,421
92,Kelly Price,95998 Arthur Route Port Andrew. OK 30344,2001-11-16,15:16:40,362,201
93,Heather Griffith,3261 Mike Ferry Suite 488 East Eric. AK 26207,2003-12-17,18:56:10,605,805
94,Travis Griffin,3657 Turner Views Suite 597 East Shawnburgh. NY 07399,2009-07-12,22:05:03,344,475
95,Melissa Craig,22365 Mosley Valleys Suite 807 New Charlotte. AS 65175,2003-04-10,13:02:40,522,312
96,Lynn Coleman,8023 Emily Extensions Suite 941 Shawnton. AK 49544,2007-04-13,08:23:22,24,346
97,Brad Cobb,18796 Elijah Highway Suite 758 Jamesfort. ID 41468,2008-01-12,09:25:28,411,79
98,Pamela Kim,8444 Martinez Forge Carolmouth. WI 40922,1982-05-11,02:15:42,847,787
99,Larry Smith,1874 Victor Isle Suite 584 South Casey. AK 29954,1981-01-05,02:34:02,476,842
100,Joseph Grant,696 Harris Trail Suite 931 West Kelli. NE 20994,1979-08-20,07:16:19,325,987
101,Lawrence Estes,707 Williams Cape Apt. 896 Michaelfurt. OK 69877,1971-05-26,03:12:25,549,650
102,Anna Carter,1544 Jacob Drive Marshfurt. TN 54457,2003-01-17,19:50:06,948,15
103,Mary Harris,87927 Gina Stravenue Apt. 331 Richardfurt. WA 45134,1971-08-24,01:05:04,537,217
104,Joshua Avery,6435 James Circles Jessicahaven. OR 11557,1982-04-08,03:46:11,52,348
105,William Gomez,7826 Nicole Forest Sierraborough. CO 33975,2022-07-02,04:28:45,93,82
106,Caitlyn Waters,641 Johnson Dale Weeksside. AZ 86760,2007-02-18,00:45:38,233,234
107,Alex Phillips,311 Richard Meadow Suite 962 East Andrefort. DC 61514,2013-04-01,04:21:34,886,432
108,Steven Davis,801 Jorge Creek New Douglasberg. TX 56588,2023-03-06,22:08:58,14,509
109,Douglas Rollins,34025 Price Village Apt. 254 Nunezton. TN 08952,2000-03-07,23:17:14,188,927
110,Kayla Doyle,USNV Daniels FPO AA 25216,2004-05-22,12:52:30,190,230
111,Stephen Esparza,419 Jacobson Stravenue Hartmanmouth. MA 16216,1979-10-29,02:29:49,83,369
112,Michelle Hooper,8193 Jennifer Track Jacobville. PA 59259,2005-01-05,15:47:52,982,886
113,Stephanie Newman,PSC 1499. Box 6747 APO AA 69246,1977-09-28,00:52:26,31,647
114,Mark Tyler,65850 Teresa Corners Kathleenshire. WV 65666,1985-07-14,13:12:38,800,376
115,Jesse Reed,88079 Martinez Locks Suite 356 East Alexanderfurt. GU 12166,2014-09-26,19:38:36,955,919
116,Robert Carter,29208 Brown Plain Whitakerfort. PA 50375,1973-03-21,02:51:17,381,610
117,Amanda Wright,187 Woods Meadow Suite 325 South Laura. PR 10102,2010-12-13,19:51:26,176,321
118,Kimberly Johnson,39122 Anthony Unions Apt. 386 Heatherhaven. OK 83483,1988-07-08,20:34:27,269,326
119,Emily Cantrell,7590 Tapia Stream Johnstad. WY 28004,2008-08-14,07:58:18,844,965
120,Michelle Velasquez,Unit 4830 Box 6362 DPO AP 41920,2017-08-19,03:59:24,267,996
121,Jennifer Perez,73408 Moses Groves Apt. 887 Port Kristinland. IN 15697,2006-07-01,10:33:06,742,381
122,John Freeman,920 Preston Plains Lake Josephbury. PA 53721,2022-12-23,21:21:34,665,177
123,Alexandra Weiss,24822 Christina Way Apt. 225 Lake Amy. OR 64964,1977-03-16,23:13:23,693,749
124,Desiree Anderson,0733 Valerie Fall Lake Donna. WA 13203,1999-04-07,10:51:56,765,195
125,Sally Costa,28446 Andre Trafficway Suite 572 Lake Joseshire. MS 91515,1972-05-07,10:01:43,280,601
126,Kimberly Ward,115 Lonnie Heights South Taramouth. PA 11600,2023-01-29,14:17:28,569,417
127,Christian Allen,9012 Frank Walk Suite 997 New Gordonland. WV 94868,1975-02-26,03:47:28,939,907
128,Denise Shaffer,6147 West Squares Johnport. MH 79347,2021-09-30,21:50:38,942,143
129,Mitchell Barnes,649 Irwin Trail Suite 518 Paulaton. AS 56612,1986-11-29,02:18:39,354,675
130,Dave Rogers,39304 Vincent Mission Suite 508 Eugenetown. MP 21445,1978-02-08,07:29:18,349,357
131,Michelle Hernandez,0024 Montoya Stream Suite 966 Thorntonborough. KY 33974,2004-07-27,00:39:51,748,995
132,Joanne Vasquez,5167 Grant Pine East Aaronfort. PR 78080,2012-06-29,03:16:43,985,920
133,David Ramirez,978 Small Villages Suite 777 Lake Mark. KY 02974,2011-02-25,20:49:03,612,19
134,John Fernandez,31209 Heath Freeway Apt. 613 North David. RI 43151,1995-03-02,17:41:51,987,48
135,Stephanie Rogers,680 Holland Station Suite 861 Diazside. MA 05544,1998-12-18,08:38:25,285,925
136,Jordan Bates,971 Felicia Highway Apt. 417 East Crystal. MH 43641,1993-02-20,16:57:39,663,851
137,Emma Wagner,226 Mary Knolls Frazierland. IL 61277,2021-10-14,09:47:26,760,574
138,Steven Williams,8781 Thomas Mission Longtown. GU 54420,2003-09-29,20:12:13,166,496
139,Chelsea Wilson,948 Wang Estates Lake Brandonborough. GU 18943,2014-11-09,12:55:41,679,899
140,Andrea Lucero,Unit 7042 Box 8147 DPO AP 54469,1998-10-25,14:43:53,189,405
141,Alan Holmes,4446 Mike Isle Apt. 151 East Maryhaven. PA 49590,1986-11-27,13:05:36,386,900
142,Richard Mcdaniel,58992 Paul Mount Apt. 508 East Allisonport. WI 43604,1980-02-29,22:47:12,298,82
143,Tyler Orozco,11040 Lee Drive Apt. 705 Timothystad. AR 81594,2024-05-03,14:26:36,989,69
144,Scott May,76973 Kimberly Isle Apt. 477 North Andreaview. WV 06582,2002-02-01,16:58:17,744,859
145,Denise Cook,75001 Brian Crescent Suite 355 Jonesfort. AZ 27514,2002-07-12,01:34:15,28,299
146,Daniel Jackson,9690 Phillip Causeway Lake Alexanderchester. MP 25224,1980-05-25,01:54:27,647,809
147,Jesse Olson,03615 Paul Springs East Jameston. MI 71498,1994-06-18,15:28:02,509,802
148,Pamela Montgomery,9805 Erin Dale Port Terriburgh. WY 73568,1997-06-07,14:25:50,125,607
149,David Garcia,51748 Brown Viaduct New Meganton. RI 05787,2005-04-09,11:16:35,913,535
150,Lawrence Mcdaniel MD,55084 Angela Spur Suite 715 Carlburgh. OH 30224,1993-11-21,07:02:40,240,295
151,Andrew Ochoa,044 Young Falls Suite 200 Port Johnville. NH 79611,2008-04-05,04:22:16,177,53
152,Mr. Lawrence Howard,444 Melissa Course Apt. 497 Bryantborough. DE 65999,2024-04-30,15:53:22,370,649
153,Ray Cook,865 Michael Park Suite 422 East Maria. FM 38204,2012-08-29,22:29:48,129,185
154,Samuel Williams,608 Jenkins Passage Apt. 126 Seanland. GU 73848,1993-05-24,13:09:04,360,580
155,Kayla Johnson,417 Ann Dam Apt. 109 West Jeffreyborough. AZ 85808,2004-11-22,04:07:48,416,90
156,Amy Smith,20074 Deborah Garden New Josephmouth. DC 12364,1994-01-13,05:58:00,177,173
157,Susan Rodriguez,1483 Hernandez Mission Robinsonville. AZ 87781,2011-02-28,18:52:08,591,244
158,Erica Martinez,24864 Lisa Pine Williamstad. WV 89754,2022-05-01,11:28:54,576,968
159,Meredith Rodriguez,2199 Brandon Harbors Apt. 239 East Lauraburgh. SD 70593,1984-02-09,13:59:56,332,817
160,Victoria Lozano,06138 Caroline Plaza West Nancy. MN 53343,1994-06-20,21:14:04,114,815
161,Brian Johnson,USNV Munoz FPO AP 46282,2003-03-05,21:28:04,121,198
162,Troy Fuller,10713 Vaughn Roads West Theodore. OK 31707,2003-06-20,06:35:16,184,365
163,Barbara Cochran,54615 Irwin Viaduct Apt. 241 New Davidbury. LA 39199,1978-02-15,13:26:28,771,404
164,Stephanie Bernard,2433 Harris Road Suite 719 Emilyfurt. CA 43053,1980-04-08,20:15:14,556,831
165,Ian Brown,156 Barrett Route Suite 446 Brookston. CA 18895,2018-12-13,19:11:47,929,719
166,James Houston,3879 Michael Stream Apt. 519 Port Shawnton. RI 23889,2019-11-21,18:30:16,316,285
167,John Sanders,5999 Zachary Ville Phamside. PA 10309,2015-07-06,19:45:29,203,444
168,Aaron Fowler,76779 Ashley Green Apt. 669 Port Megan. RI 39470,1970-03-29,08:25:03,998,521
169,Barbara Wallace DVM,5132 Jared Inlet East William. OK 58816,1984-06-19,22:12:37,662,507
170,Colin Ramos,Unit 7365 Box 7365 DPO AA 48593,1990-04-13,23:06:10,536,504
171,Jessica Kim,495 Matthew River North Luis. VI 67505,1990-11-07,13:58:32,980,441
172,Tina Taylor,Unit 1256 Box 9613 DPO AP 24141,1971-02-02,04:23:25,560,209
173,Erin Smith,6413 Linda Manors Olsonland. MA 28947,2002-01-02,09:05:27,643,740
174,Sharon Lewis,0987 Reyes Causeway East Jennifer. RI 78624,2013-06-23,09:57:52,568,794
175,Lacey Lee,837 Moore Roads Timothyton. DE 99076,2022-01-24,08:57:48,828,455
176,Kathleen Lee,228 Alyssa Turnpike Millertown. IA 17921,1980-10-21,14:01:22,198,195
177,Caitlin Ortega,02289 Michelle Squares Suite 802 South Alexandra. MP 77898,2010-07-20,17:24:26,501,861
178,Eddie Palmer,9197 Nancy Meadow Suite 422 Sarachester. NE 34168,1977-09-03,08:19:09,729,32
179,Joe Pierce,0252 Hood Camp Hawkinsshire. RI 22159,1993-08-25,05:41:19,225,56
180,Rachel Holmes,653 Tonya Cove Apt. 901 Lawrenceburgh. WY 36347,1984-04-07,15:19:58,618,289
181,Andrew Baker,696 Amy Neck Apt. 789 North Stacey. MD 79076,1989-03-04,00:31:45,227,583
182,Jordan Underwood,423 Griffin Via New Aaron. PA 25235,2013-05-26,08:42:50,942,431
183,Elizabeth White,526 Aguirre Keys South Leslie. AZ 32112,2013-11-17,22:29:23,613,823
184,Logan Garner,PSC 0176. Box 5013 APO AE 94781,1995-03-28,13:03:31,257,836
185,Stacy Lopez,USNS Manning FPO AP 75261,1980-11-05,23:37:13,280,121
186,Nicole Franklin,471 Ellis Keys Port Johnstad. MT 77882,2009-05-16,05:29:42,436,896
187,Patricia Cooley,44486 Warner Passage Lake Rebeccafurt. SC 19781,1981-03-19,17:01:19,819,958
188,Aaron Tucker,USNS Cole FPO AP 63019,1995-10-06,04:11:55,763,814
189,Mr. Larry West,095 Kenneth Divide Suite 521 Lake Shanefort. OH 51407,1972-03-06,17:26:04,782,536
190,Anthony Obrien,95411 Brock Cape Lawsonhaven. SC 28905,1973-07-07,09:07:28,587,320
191,Brian Harrison,306 Adams Ports Jeremymouth. OR 54388,1977-02-06,18:50:04,426,991
192,Hannah Price,731 Williams Plains South Zacharyborough. OH 89471,1977-01-20,02:11:48,198,948
193,Jennifer Harrington,64400 James Tunnel Apt. 266 North Stevenview. VI 34895,2010-10-11,21:08:56,909,571
194,Gregory Spence,32805 Smith Hill North Michelle. IL 38319,2003-07-31,10:06:03,568,261
195,Megan Cannon,06302 Tapia Ford Apt. 212 North Jennifer. LA 15756,2017-01-31,19:05:32,604,779
196,Ethan Welch,9827 Morrison Centers Kimberlymouth. MS 31042,1970-06-27,20:01:15,544,663
197,Keith Howard,69729 Myers Fort Nicholeport. TX 05721,1987-04-28,02:54:08,521,782
198,Ashley Brown,7970 Vaughn Ports Suite 269 North Heatherville. WI 05651,2015-05-16,20:08:47,31,737
199,Marcia Becker,32988 Alan Spring Apt. 074 Martinfort. ND 19129,1971-05-12,01:14:12,175,552
200,Tammy Green,023 Robertson Expressway Sarahland. MO 39317,1991-07-04,21:25:28,553,50
201,David Ramos DDS,Unit 7361 Box 4183 DPO AE 72177,2013-12-21,23:34:21,262,496
202,Lisa Alvarez,668 Linda Lakes Apt. 107 East Jose. NY 81611,2013-12-04,14:42:03,793,54
203,Lawrence Ponce,681 Sarah Common Lake Katherinemouth. KS 84904,1974-12-23,00:38:21,637,854
204,Logan Woods,10289 Ricky Cliffs Suite 733 Terribury. NM 85465,2009-07-14,18:33:45,96,294
205,Hannah Anderson,5340 White Union Suite 698 Keithville. MD 43822,1989-10-12,19:33:54,566,220
206,Anne Phelps,85083 Gary Fields Apt. 327 Port Meredith. AK 73045,1988-11-29,08:40:38,336,632
207,Donald Wilson,PSC 6679. Box 8208 APO AP 82524,2000-07-01,09:55:57,837,49
208,Sophia Mayo,7642 Hall Prairie Whiteland. MO 65288,2000-03-18,13:54:15,909,765
209,Edwin Hicks,7769 Finley Island Oliverberg. AR 83326,2013-01-19,13:10:52,194,775
210,Leonard Williams,38858 Paula Avenue Apt. 607 South Thomas. FM 05144,1983-02-06,09:26:48,594,58
211,Peter Hernandez,383 Corey Springs Suite 152 Lewisshire. PW 40986,1995-07-13,12:10:49,923,60
212,Ronald Salinas,93115 Hughes Estates South Lauraport. MS 84138,1999-05-08,15:22:04,589,922
213,Anthony Bush,67505 Carrie Views North Dylanside. TN 74765,2018-09-25,09:00:21,442,564
214,Kristen Kane,7059 Jennifer Center Suite 900 East Joanne. OR 85953,2010-01-20,16:14:43,170,451
215,Sarah Whitehead,43083 James Run West Don. NE 32137,2024-06-23,01:42:57,197,753
216,Rebecca Anderson,4149 Liu Lake Williamsmouth. VT 62718,1975-04-01,18:32:26,145,680
217,Diane Johnston,96520 Clark Alley West Kimberly. AL 40036,1998-02-20,19:55:09,80,235
218,Arthur Washington,7435 Dunn Knolls Rebeccaton. FL 71260,1999-07-31,13:18:33,507,735
219,Paul Goodman,938 Maria Mission Michaelfurt. TX 83301,2023-03-07,19:08:33,250,516
220,Mitchell Barnett,23227 Sharon Unions Apt. 021 North Wandabury. VT 08472,2016-05-09,13:55:31,762,568
221,Sheila Miller,5971 Tammy Points New Dustinberg. WY 29757,1989-07-09,00:55:43,443,904
222,Andrea Fox,Unit 7278 Box 3939 DPO AE 68453,1990-01-15,22:31:21,511,737
223,Dr. Scott Fowler,21043 Hawkins Curve Phillipmouth. AL 36842,1998-03-25,08:30:31,511,481
224,Jeremiah Vega,314 Lisa Mission New Michael. RI 20115,1976-06-07,18:12:51,836,145
225,Jared Schmitt,913 Catherine Streets Suite 230 Lake Robintown. AL 60786,2017-09-05,10:42:43,966,339
226,Patricia Lewis,9481 Bobby Estates Port Stacey. KS 01506,2017-05-04,02:46:04,196,216
227,Terri Austin,3355 Dorsey Tunnel Suite 023 North Rachel. OH 03672,2021-07-20,15:10:28,363,811
228,Dale Williams,05469 Glenn Keys Clineville. MI 05669,2012-07-15,12:25:20,507,680
229,Todd Garcia,92524 Michael Circles Apt. 515 Holmeschester. MO 20027,2011-11-20,14:33:54,405,843
230,John Martin,7260 Thomas Common Kennethberg. UT 05432,1978-04-06,19:58:21,725,385
231,Mrs. Valerie Bowman,36219 William Crescent Nicoleville. OR 34949,1988-01-01,21:03:43,540,226
232,Christina Baker,86663 Megan Overpass Webbmouth. FM 50923,2021-01-09,15:39:15,907,228
233,James Williams,394 James Shores Suite 389 Russellside. NE 42318,2020-10-01,08:20:45,833,531
234,Kristen Hensley,9716 Ross Knolls Juanshire. ME 22398,2015-04-19,11:57:14,436,862
235,Ronald Johnson,617 Flores Gardens Suite 584 East Troymouth. AZ 39894,2002-03-19,12:28:50,182,366
236,Scott Dunn,81754 Morgan Stravenue South Sylvia. KY 79194,1981-11-07,01:36:26,729,506
237,Kathy Rodriguez,7502 Davis Squares Wheelerhaven. VT 03393,1975-02-04,08:13:26,634,627
238,Susan Mcgee,5881 Scott Cliff Kellyport. DC 61120,2005-11-02,08:34:27,84,788
239,Kelsey Doyle,6582 Howard Ports South Donald. FM 50661,1975-10-15,10:13:09,588,230
240,Bobby Allen MD,024 Shawn Creek Suite 728 Teresaport. WV 62580,1977-10-14,23:35:12,646,158
241,Priscilla Lewis,176 Jason Brooks Jillton. CA 78028,1997-01-22,02:29:48,309,604
242,Alyssa Harris,696 Parker Gateway Guerreroville. ND 08871,1971-02-12,21:36:42,305,641
243,Frank Ibarra,011 Mendoza Inlet Apt. 120 Lake Michaelhaven. ID 30032,1994-12-09,03:13:50,753,909
244,Hannah White,1232 Escobar Village Suite 310 Port Garyberg. HI 79517,1978-09-16,16:36:22,563,915
245,Melissa Holland,58309 Nguyen Ferry Suite 157 Port Katherine. MP 89086,2022-07-19,16:22:14,410,717
246,Mr. Jason Stone,285 Brent Walk South Katrina. ME 27556,1985-03-03,22:53:43,943,81
247,Sharon Smith,5246 Darius Turnpike Port Angelaside. KY 83959,2004-05-15,19:36:24,13,125
248,Katherine Mercer,1520 Wu Mountain North Keith. PA 25595,1994-08-12,07:00:31,343,40
249,Timothy Brooks,121 Carlson Street Suite 133 Tanyaside. WV 88714,1973-02-04,06:17:22,709,485
250,Ronald Cooper,USNS Henderson FPO AA 16097,2022-09-17,12:05:48,221,715
251,Ann Daniels,787 Kelly Circle Port Carmen. WA 86423,1995-03-03,19:50:56,261,638
252,Brian Anderson,USNS Marshall FPO AP 63637,2007-02-11,20:52:57,276,993
253,Christina Nguyen,532 Kelly Drive Roseview. NY 46462,1978-11-24,16:29:27,914,772
254,Elizabeth Paul,82825 Sarah Curve New Benjaminborough. VT 27703,1986-12-04,03:05:25,726,571
255,Katrina Lee,18570 Adam Bridge Apt. 395 East Angela. IN 46853,1998-01-26,01:45:55,272,408
256,Rita Medina,16514 Amy Junctions Suite 360 South Michaelview. AR 35465,1976-05-13,07:54:24,80,568
257,Tammy Green,05012 Pamela Light Tuckerton. LA 69976,2013-02-22,16:34:37,676,608
258,Norman Murphy,4167 Dunn Avenue East Xaviermouth. LA 48014,2005-12-08,05:54:31,232,211
259,Alexander Sullivan,678 Diaz Vista Apt. 541 Ruizchester. CO 79611,2016-06-11,15:33:15,522,28
260,Sheri Lara,3997 Jenny Trace Suite 465 Lake Lynn. AK 33303,1982-02-10,18:38:34,228,23
261,Lawrence Cameron,915 Roberts Fords Suite 463 Amandahaven. MH 90413,1997-10-18,13:16:53,871,684
262,Anthony Price,58034 Williams Turnpike Apt. 590 Lake Melissamouth. ND 95535,2009-07-30,05:58:42,899,244
263,Dave Griffin,PSC 6867. Box 4017 APO AE 68917,2022-10-08,00:51:19,991,55
264,Elizabeth Cole,USNS Hanna FPO AA 08669,2007-01-29,03:37:22,750,160
265,Gabrielle Santos,8854 Bass Groves Apt. 123 Richardfort. MS 80172,1989-07-01,20:25:20,594,133
266,Charles Phillips,Unit 4499 Box 6260 DPO AE 21588,1994-08-15,10:22:31,174,923
267,Kimberly Johnson,47474 Laura Cliffs Warrentown. MN 16182,1997-04-04,13:56:57,942,515
268,Jessica Wilson,466 Michelle Wells East Aaron. DC 74580,2017-12-24,05:58:04,525,390
269,Marisa Melendez,298 Michael Extension Apt. 873 Andersonville. VA 53818,2022-04-27,10:58:30,876,470
270,Nicholas Simon,87803 Ball Plaza Davidberg. AZ 95408,2010-02-02,06:12:02,23,779
271,Lisa Moore,1871 William Center South Brian. TX 74174,1974-04-23,19:18:35,529,939
272,Lee Vasquez,PSC 6012. Box 7714 APO AE 33371,1995-10-24,23:30:12,560,455
273,Ashley Anderson,1744 Moore Squares Apt. 489 Everettbury. GA 86731,1999-08-12,14:23:21,85,831
274,Stephanie Lam,9902 Laura Points Suite 774 Castillohaven. MI 22541,2003-04-02,07:37:22,383,34
275,Kayla Leach,9878 Karen Shore Stevenchester. WA 11704,2003-10-17,07:50:43,281,837
276,John Ramirez,USNS Alexander FPO AE 84025,1977-03-15,08:10:47,710,898
277,Dennis Oliver,2792 Lawrence Coves Apt. 605 West Andrew. WV 90183,1971-05-16,05:56:57,831,724
278,Chelsea Reynolds,2999 Jefferson Manors Apt. 208 Vaughnbury. GU 75256,2011-12-23,17:15:05,147,771
279,Pamela Marquez,0380 Sexton Throughway Suite 408 South Jamieview. DC 61256,2012-12-30,21:15:43,105,102
280,Christine Martin,1738 Zachary Points Apt. 817 Torresside. MO 58196,2024-06-29,08:39:28,121,434
281,Melissa Carter,USNS Ortiz FPO AP 51278,2003-07-17,04:44:46,732,698
282,Luis Nelson,41615 Mccoy Harbors South Sherry. PA 85973,1977-02-16,03:11:35,961,552
283,Jeffrey Richardson,342 Alex Coves Juliehaven. HI 21485,1997-06-26,14:16:13,169,715
284,Stephanie Hahn,32235 Campbell Square Apt. 712 Turnerland. IA 66685,2013-09-19,04:33:24,158,69
285,Tracy Edwards,957 Anthony Hill Suite 650 Pollardport. NH 60302,2013-12-09,21:45:26,490,85
286,Raymond Ryan,95673 Elizabeth Springs South Sarahfurt. HI 27496,2021-02-16,12:41:57,673,95
287,Christopher Montoya,75816 Robert Burg Apt. 359 Joshuamouth. NV 84641,1986-12-06,23:22:23,298,748
288,Robert Ashley,Unit 7888 Box 6057 DPO AA 93553,2001-03-08,19:58:14,35,67
289,Emily Mills,23918 Danny Pike Lake Susanside. ND 11184,1993-08-09,03:05:12,149,585
290,Michael Smith,90707 Harper Island Apt. 622 South Hannahfurt. MS 62441,2009-01-12,12:26:14,427,146
291,Ricardo Duncan,494 Dustin Pike Suite 962 Laurenmouth. AL 82415,1980-05-21,18:17:37,253,866
292,Tiffany Sosa,1768 Gonzales Landing Apt. 423 South Brittany. NE 85999,1994-06-30,05:32:46,148,107
293,Allison Nguyen,11983 Mary Locks Suite 095 New Zacharyfurt. FM 39280,1996-04-07,21:16:59,536,551
294,Crystal Smith,0248 Gray Walks New Ashley. PW 54892,1988-12-06,00:47:07,475,730
295,David Baker,6310 Hernandez Shoals Lake Christine. PR 21006,1983-11-11,01:05:26,593,602
296,Janice Simpson,798 Smith Points Suite 728 Williamsfurt. KY 09492,1984-03-22,12:24:08,522,584
297,Felicia Estrada,196 Johnson Mountain Garciatown. WA 74878,1994-11-06,07:46:06,772,456
298,Mark Hernandez,063 Craig Port Suite 774 Davidborough. VI 27221,2024-06-24,15:58:11,819,731
299,Erin Moreno,PSC 2448. Box 6322 APO AP 12723,2010-10-09,01:04:47,750,134
300,Mr. Ryan Wright,2899 Wesley Grove Apt. 757 South Christinahaven. WV 80506,1979-12-04,20:00:15,999,568
301,Samantha Lewis,92909 Linda Branch Port Nicole. GU 36110,1997-02-14,08:54:50,165,85
302,Anthony Smith,39494 Jackson Shores Suite 813 Port Kimberly. DC 56670,1974-12-07,12:44:15,321,920
303,Michael Gilbert,61552 Amber Tunnel Suite 746 Michaelborough. IA 27022,1976-11-06,21:12:29,535,623
304,Kayla Deleon,43480 Watkins Stravenue North Bradleyview. OK 72650,1993-07-21,06:44:34,197,985
305,Alexandra Lee,32135 Brittany Club West Anthonymouth. CO 13138,2004-08-02,00:00:26,833,154
306,Michael Brown,13141 Sherry Mission Apt. 259 West Larry. NM 67969,1988-11-18,05:27:22,719,817
307,Dustin Bullock,59373 Smith Mission Port Angela. GU 87689,1999-06-09,16:23:18,136,605
308,Mary Pace,49343 Susan Port Joneschester. OR 16834,1984-05-12,07:16:08,557,639
309,Robert Cardenas,60575 Dawn Club Port Robert. AK 84141,1975-06-09,17:51:54,578,379
310,Megan Reynolds,5591 Donna Keys Suite 692 Port Christopher. VI 80560,1996-02-06,22:59:19,671,106
311,Thomas Hudson,36895 Castaneda Oval Apt. 019 Daniellefort. MO 93186,2005-10-03,22:51:58,989,978
312,Linda Gutierrez,2198 Adam Burgs Apt. 684 Jesseland. NC 64318,2004-01-06,10:24:11,330,405
313,James Lynch,5117 Perez Ports Suite 518 Margaretfort. WV 48656,1972-05-28,16:06:41,705,385
314,Sherry Nelson,9059 Mckinney Coves Suite 994 North Miguel. WY 66875,2000-04-03,00:25:37,541,852
315,Henry Higgins,11881 Richard Dam East Jeremy. WI 82258,1982-02-24,21:07:57,209,939
316,Tracy Smith,91521 Garcia Square Suite 145 Normanside. SD 02968,1985-12-10,12:56:00,116,164
317,Melvin Lopez,4227 Jones Loop Suite 865 New Stacy. NJ 94891,2003-05-08,23:19:54,660,813
318,Pamela Taylor,11200 Jones Hollow Ortizborough. NC 99345,1982-09-25,12:26:30,528,525
319,Cynthia Richard,960 Ward Overpass Kirbyton. HI 58910,1989-08-24,00:14:23,688,75
320,Allison Gallagher,55467 Clark Overpass Suite 076 Haroldmouth. MH 20611,2017-12-17,18:04:39,49,648
321,Tina Harper,PSC 8437. Box 7729 APO AA 16283,1973-06-26,12:16:07,366,304
322,Edward Strong,94889 Vasquez Avenue Apt. 633 East Matthew. MO 81050,1980-05-18,07:19:41,392,445
323,Wendy Vazquez,780 Smith Vista New Williammouth. VA 80341,1979-02-17,00:08:09,526,139
324,Angela Herrera,9555 King Ford Suite 118 North Brian. MH 49058,2020-04-09,08:51:41,597,15
325,Michelle Howard,9067 Lopez Plaza Apt. 951 North Kevin. OK 26051,2004-02-29,08:38:30,397,706
326,Michael Harvey,6467 Morales Vista Apt. 210 North Nicolestad. AL 90081,1992-02-24,06:33:51,925,925
327,Adam Fleming,2336 Thomas Mill Suite 897 Lake Jimmyview. FL 63794,1982-04-02,05:45:30,479,341
328,Ashley Johnston,04733 Webb Drives South Shawn. GA 18426,1988-10-18,09:20:14,165,375
329,Christine Hubbard,92104 Theresa Pass North Erin. PW 46225,1996-01-03,01:18:47,129,70
330,Carrie Ward,6200 Shane Loaf Nixonmouth. IL 75650,2005-08-03,00:51:47,422,447
331,Brianna Ramirez,0176 Powell Brook Suite 420 South Kellyside. ND 20980,1982-07-24,19:49:26,71,677
332,David Carr,674 Richard Terrace Suite 571 New Sabrinaside. WV 05316,1978-03-27,17:40:33,310,152
333,Elizabeth Lee,56486 Francisco Ferry New Julieside. OR 29242,2014-06-29,07:20:50,197,929
334,Steven Ross,03821 Williams Haven Morrisonbury. WV 54767,2024-03-16,18:40:04,107,230
335,Kristine Gray,70353 Nguyen Light Suite 631 New Jonathan. WV 47821,2007-10-06,21:56:30,541,652
336,Scott Smith,7748 Rebecca Forest Sawyerport. OR 04366,1996-06-30,09:10:51,510,951
337,Savannah Jones,8474 Kevin Terrace New Christineburgh. TN 18982,2019-07-13,22:34:40,993,156
338,Melanie Taylor,USCGC Beasley FPO AA 57587,1993-05-12,12:53:09,80,508
339,Brianna Hudson,03523 Williams Port Kevinfort. WV 79103,1985-04-01,20:01:47,786,613
340,Jaclyn Mercado,4648 Edwards Point Apt. 850 Traciport. DE 49785,1978-02-13,22:45:14,486,647
341,Amy Watson,10213 Boyle Junctions Suite 665 Miguelview. VT 39542,2013-04-14,11:49:24,54,109
342,Mark Campbell,96975 Jesse Well Port Misty. NJ 81640,1995-09-20,06:41:29,526,461
343,Jeffrey Mcdaniel DDS,6926 Victor Place Christopherbury. UT 70496,2010-10-04,17:18:29,394,527
344,Johnathan Ford,874 Denise Stravenue Matthewmouth. MO 21146,2018-09-20,13:54:47,248,305
345,Casey Chavez,928 Lynn Neck Apt. 548 Port Jeremiah. GA 03834,1999-11-05,21:55:34,351,643
346,Amber Rose,507 Kelley Cliff Apt. 486 South Davidbury. IL 94767,1999-08-24,08:13:59,20,15
347,Terry Johnson,Unit 9446 Box 7858 DPO AA 55459,2011-04-14,18:43:50,711,28
348,Jeffrey Anderson,7044 Elizabeth Mountains Suite 507 North Tyler. DE 38207,2018-02-23,20:40:42,916,332
349,Shelly David,32557 Vincent Circles West Davidfurt. NV 82022,2002-02-15,16:08:28,312,600
350,Mark Diaz,724 Richard Manors Herreraview. CT 16300,1975-08-28,05:36:29,534,430
351,Danielle Ward,24831 Kaufman Corner Apt. 896 Vaughnberg. PW 30002,1979-04-05,08:44:12,365,836
352,Mathew Hernandez,10642 Brian Springs Lake Ryan. GU 80143,2006-06-09,04:52:19,978,524
353,John Andrews,883 Brian Mill Williamsberg. MP 90097,2013-03-19,04:41:17,809,985
354,Samuel Woods,USNV Ward FPO AA 43305,1986-08-02,00:49:37,580,280
355,Andrew Russell,987 Ward Row Lake Joshua. MA 64666,2002-09-24,15:42:38,820,621
356,Matthew Powell,5678 Park Branch Suite 466 Galvanland. OH 59773,2019-01-14,21:32:30,431,41
357,Brooke Stout,15092 Henry Row South Kyle. RI 63471,1978-06-13,08:59:28,428,556
358,Benjamin Daniels,6861 Sean Village Apt. 490 Port Kelly. MD 68402,1988-01-15,15:05:40,319,693
359,Christine Burns,8295 Jason Canyon Ashleytown. MS 21393,2012-03-29,11:28:24,354,895
360,Jeffrey Brown,9593 David Ford New Veronicaport. MO 75963,2007-07-12,08:28:01,85,520
361,Kenneth Poole,845 Murphy Ferry Liustad. ME 71780,2006-07-16,22:32:49,710,800
362,Michael Howell,70157 Aaron Prairie Apt. 907 New Valerieland. MA 67203,1996-01-21,22:33:17,320,558
363,Holly Patterson,560 Billy Glens Apt. 759 New Tylerberg. NY 34679,2008-04-04,19:30:50,771,603
364,Katherine Ritter,263 Lynch Flat Lake Mary. FM 07016,1981-10-30,18:35:26,529,289
365,Brittany White,49799 Lopez Cove Suite 040 West Jennifershire. MH 83898,1987-04-02,13:06:34,597,997
366,Thomas Smith PhD,43601 Duane Branch Apt. 260 East Kimberlyton. DC 12920,2009-03-31,22:59:08,941,788
367,Damon Wilcox DDS,PSC 7119. Box 3884 APO AP 11192,1988-12-17,23:32:43,913,588
368,Ian Ramirez,32921 Ramirez Ways Suite 870 Josephchester. AS 47802,2020-10-29,08:35:54,143,426
369,Jessica Anderson,738 Sarah Creek Ericbury. UT 53363,2014-02-20,12:16:41,919,52
370,Lisa Obrien,612 Howard Isle Apt. 967 East Michael. MA 94066,1979-11-28,09:32:25,922,707
371,Joshua Santiago,3500 Elizabeth Dale Suite 342 East Amandachester. PR 63887,2020-05-22,00:33:17,207,540
372,Jacqueline Williams,8591 Miller Camp North Rebeccaton. UT 03715,1996-11-09,11:57:56,523,408
373,Shirley Walls,41022 Lisa Bridge Suite 515 Jamesside. IA 44838,1974-10-21,02:39:58,478,808
374,Joshua Phillips,Unit 4077 Box 1984 DPO AE 11559,1970-05-26,03:57:56,326,841
375,David George,8630 Matthew View New Jennifer. WY 81027,2007-03-19,13:34:29,513,855
376,Alec Thomas,PSC 2935. Box 2755 APO AP 55167,1985-10-18,22:51:43,699,158
377,Ricardo Bryant,67476 Riggs View South Brandy. NE 13005,2024-03-16,23:53:12,312,281
378,Charles Scott,0504 Lowe Motorway Debrastad. MT 21942,1989-01-14,09:48:38,145,861
379,Dawn Douglas,32149 Smith Islands Shawnton. WA 07515,1976-11-27,21:29:16,253,806
380,Stephanie Medina,577 Emily Mill Apt. 966 Josephchester. NE 90196,1974-05-24,16:56:48,364,369
381,Frederick Williams,172 Brown Hill Masseyton. FL 28997,1975-04-22,21:28:07,435,232
382,Connor Taylor,8899 Butler Grove Melendezview. SC 68296,2009-12-13,04:46:57,231,403
383,Matthew Tyler,54140 Moore Ford Apt. 061 Lake Robert. VI 75810,2015-02-12,23:07:57,424,878
384,William Perkins,0897 Jackson Squares Suite 609 Port Andrewmouth. CA 06645,1990-10-07,22:22:17,567,606
385,Dylan Owens,1777 James Valleys Suite 344 East Terri. PA 57625,2003-08-23,22:14:38,513,493
386,Brian Watson,Unit 9798 Box 6700 DPO AE 39750,1986-07-07,21:34:43,112,133
387,Donna Davis,6062 Laura Cape Apt. 909 Christopherborough. WI 21989,2007-04-02,11:43:14,254,615
388,Aaron Rush,739 Vasquez Drive Johnport. MT 29517,1975-10-20,10:06:10,978,171
389,Jill Levy,1755 Jennifer Cape Jamieside. NV 99040,1990-07-06,06:52:00,224,938
390,Michael Johnson,4680 White Drives Campbelltown. MN 60101,2015-10-20,02:18:55,445,622
391,Stephanie Estrada,24124 Morgan Passage Suite 625 Lake Danielle. WA 48675,2009-07-06,12:38:51,680,204
392,Vincent Hawkins,5452 Jacob Circle Lake Craig. VI 72029,1979-08-20,11:04:42,770,433
393,Daniel Harris,613 Penny Meadows Apt. 118 Port Zacharyland. DC 05900,1978-08-24,14:22:46,854,775
394,Kimberly Baird,81394 Lucas Alley West Wanda. TX 22677,1995-02-02,08:47:38,348,724
395,Jeffrey Ewing,7332 Gary Lakes Apt. 742 Torresstad. PW 29832,1984-05-18,14:00:29,810,356
396,Eric Shea,60277 Smith Lake Apt. 899 West Kayla. DC 14710,2011-06-09,14:50:18,368,678
397,Samantha Flores,5927 Stephanie Port Suite 812 Lake Christopher. AR 96559,1990-08-11,12:53:16,789,126
398,Matthew Price,80255 Booker Knoll Suite 348 Christopherport. UT 95136,2012-07-17,11:34:25,227,558
399,Mr. Dennis Moore,0203 Jones Mews Suite 125 West Heidi. OR 04343,2022-09-17,11:47:42,606,127
400,Danielle Vang,5216 Summer Gardens Clarencestad. GA 32995,1991-01-24,14:33:56,433,641
401,Brandy Chambers,5763 Tina Roads Port Carlview. GU 48410,2003-10-25,10:54:18,91,506
402,Daniel Matthews,56331 Hernandez Plaza Suite 281 South Allen. NH 97411,2003-09-06,03:52:14,891,766
403,Vicki Suarez,724 Osborne Course Apt. 082 Morrisonside. FM 94658,2006-08-03,06:30:38,544,367
404,Mary Love,523 Carrie Trail Hansenhaven. MP 05449,2024-09-17,12:04:09,699,983
405,Dakota Cameron,8225 Smith Lights South Krystal. MT 55418,1979-02-15,18:58:12,567,463
406,Donald Ross,336 Chad Way Jameshaven. NY 57737,2000-02-18,01:17:34,790,594
407,Elaine Miller,PSC 9260. Box 8878 APO AA 39443,1982-12-01,03:15:59,861,943
408,Nicholas Gonzalez,94854 Smith Lake Suite 107 New Bobby. OH 79901,1995-08-18,22:26:36,604,684
409,Erika Stokes,1460 Vasquez Walk Apt. 903 Jonathantown. WA 35560,1971-03-27,00:34:27,140,296
410,Stephen Tran,4082 King Passage Suite 998 Patrickburgh. ID 05432,1992-04-14,00:12:23,207,170
411,Heather Moore,267 Rodriguez Cliffs Peckhaven. PA 09621,2009-08-21,01:18:53,438,699
412,Susan Norris,5456 Sanchez Road Apt. 010 Lake Shaneville. WA 39993,1984-10-19,09:38:46,467,435
413,Stephanie Johnson,1784 William Mountains Suite 598 North Williamside. MI 40280,1985-11-10,21:00:09,662,439
414,Kevin Nguyen,57726 Paige Path Suite 413 Stephenside. RI 97872,2022-06-15,06:01:17,585,176
415,Eric Gonzalez,9769 Castro Springs Suite 103 Mullinsburgh. FL 93275,1977-03-20,15:01:55,131,701
416,Derek Hernandez,7254 Hardin Divide North William. NM 82119,2011-02-28,15:12:00,223,349
417,Tonya Sharp,82869 Michael Unions Apt. 178 Melissashire. NM 35427,1985-03-02,14:20:33,825,284
418,Jose Mercado,6044 Patton Port Suite 092 West David. RI 24640,1985-08-21,18:34:41,383,78
419,Stanley Carroll,440 Christopher Club Apt. 981 South Rebecca. OH 78493,2023-03-12,16:12:05,926,765
420,Michele Lawrence,88326 Ferguson Estate Apt. 448 Petersonhaven. SC 44925,1998-07-31,00:27:43,805,508
421,Amber Smith,4835 Steven Point Apt. 564 Deannaborough. AL 44760,1985-08-17,13:08:48,150,876
422,Micheal Allen,3477 Robinson Plain Navarrochester. WA 49293,1993-08-30,11:44:50,48,671
423,Jamie Blair,513 Natalie Views Apt. 837 North Geraldborough. NE 66608,1978-08-23,06:29:05,266,360
424,Karen Pacheco,USCGC Jones FPO AE 87818,1972-07-16,05:05:01,909,592
425,Craig James,6351 Gonzalez Summit Apt. 604 Timothyport. CO 82908,2009-03-07,04:59:57,744,734
426,Rebecca Lloyd DDS,0320 Malone Harbor Suite 369 West Xavier. CA 90038,2017-08-07,20:12:50,922,489
427,Jessica Rodriguez,PSC 7960. Box 6417 APO AE 48467,1986-02-02,10:08:12,309,199
428,Danielle Cantu,5063 Mcgrath Island Apt. 124 East Allisonview. VA 40615,1979-05-19,23:13:14,846,180
429,James Williams,1911 Edgar Turnpike Apt. 171 Port Christine. FM 82828,2023-08-16,16:38:40,946,124
430,Tina Burch,USS Diaz FPO AP 04768,2003-12-09,19:37:31,943,382
431,Rebecca Garcia,2804 Moore Summit Apt. 346 Ryanhaven. SD 70501,2008-03-04,23:24:15,922,700
432,Michael Burke,90271 Heather Circles Suite 411 South Cindy. KS 03665,2022-11-19,02:22:07,12,542
433,Kristina Anderson,PSC 6578. Box 4003 APO AA 29179,1973-01-12,22:09:59,403,699
434,Alexis Ramirez,Unit 6229 Box 4276 DPO AP 02319,2002-06-05,12:12:30,404,927
435,Lucas Caldwell,099 Figueroa Flats Millerburgh. AS 22798,2003-06-17,14:36:09,937,351
436,Kevin Oneal,95293 Miller Trail Suite 597 South Katherine. FL 79709,2002-10-05,04:50:40,442,635
437,Destiny Huffman,628 Melissa Summit Suite 002 Ginaside. VA 53045,1991-01-13,06:43:25,295,428
438,Robert Harrison,08470 Brett Turnpike Apt. 939 East Jamesland. IA 27523,1975-09-06,12:40:38,467,301
439,Robert Davidson,142 Castillo Trail Apt. 101 Port Christiefort. CT 62244,2007-12-24,13:48:47,816,485
440,Joseph Gould,075 Newton Summit Suite 120 Webbhaven. OK 91622,2012-08-31,11:05:48,104,544
441,Russell Martinez,513 Wright Oval North Valerie. MH 66222,1982-09-30,01:22:55,83,686
442,Keith Durham,95626 Tanya Lodge Suite 804 Port Deannaville. WA 04436,2002-04-30,08:43:17,847,660
443,Scott Blanchard,6421 David Squares Lake Melissaburgh. AZ 27686,2017-12-27,07:53:08,427,467
444,Stacy Delgado,5266 Ward Locks Apt. 443 Thomasland. KS 18853,2002-01-26,17:31:52,708,38
445,Monica Edwards,USCGC Kirk FPO AE 91123,2003-06-30,18:41:51,46,75
446,Jacob Porter,7304 Lisa Station West Sarah. PW 11407,1999-07-17,18:43:59,226,930
447,Stephanie Collins,82791 Cooper Turnpike West Krystalland. FL 49212,1992-11-18,16:42:57,150,857
448,Leroy Allen,402 Colon Course Suite 629 Shawhaven. MN 06004,2007-12-18,22:18:11,124,885
449,Arthur Padilla,58108 Carmen Drive Lake Peterburgh. RI 92452,2015-05-08,13:47:19,621,692
450,Yvonne Gonzales,341 Irwin Hollow Carolland. IN 99876,1986-02-02,02:40:51,457,149
451,Dana Davis,4483 Kimberly Corner Apt. 464 Darylchester. UT 71678,2006-04-23,14:23:21,407,215
452,Amanda Bowers,789 Mary Wells Suite 180 Lake Nicole. MN 49045,2002-04-13,22:07:05,227,508
453,Patricia Powell,8218 Booth Shores Munozmouth. UT 28456,2010-09-24,15:10:08,564,945
454,Casey Watkins,99388 Walker Street Apt. 889 Port Elizabeth. DE 72730,2023-12-16,07:43:34,308,293
455,Andrew Fisher,3471 Lambert Island Suite 822 Smithmouth. WI 58628,2008-08-01,00:59:09,691,789
456,Justin Williams,803 Katherine Crescent Jennyfort. VA 50819,1990-05-26,03:52:38,846,895
457,Tabitha Hernandez,646 Emily Lodge Suite 282 East Adamberg. PW 43240,1999-09-08,07:55:14,239,210
458,Jonathan Webb,10917 Baker Mills Apt. 441 New Katie. PW 45472,2007-07-09,21:38:51,922,796
459,Alicia Reyes,04055 Zimmerman Neck Suite 595 Mitchellview. NY 71225,1971-03-24,16:59:27,262,592
460,Patricia Christian,4185 Juan Squares East Kevin. IA 54533,1991-01-16,20:42:55,107,824
461,Peter Parrish,USNS Johnson FPO AP 25700,2018-09-06,11:02:46,231,675
462,Ryan Davis,94928 Young Mall Jennifermouth. MI 04869,1981-04-06,11:34:02,511,48
463,Kristy Crawford,3482 Scott Creek Suite 849 Michaelshire. TN 21640,2023-09-13,14:12:38,823,64
464,Samantha Cuevas,792 Mccormick Via East Sarah. CA 47789,2005-10-25,00:45:08,596,159
465,Melissa Parker,1791 Nathan Forks Robinsonbury. WY 33986,1984-11-14,04:19:52,189,606
466,Kayla Bird,07762 William Way Alejandroport. IA 55577,2021-10-10,05:27:22,747,923
467,Lori Fleming,04668 Troy Parks Apt. 163 Dwaynemouth. MT 57163,1984-02-28,11:12:32,974,481
468,Laura Thompson,219 Debra Harbor Suite 784 Greenemouth. WA 33283,1995-04-15,05:20:45,67,416
469,Thomas Matthews,821 Tyler Extensions North Edwinton. AS 37465,1972-02-19,00:00:32,47,557
470,Jesse Arnold,17260 Jenna Trafficway West Daniel. IL 69361,1993-03-06,15:10:23,965,128
471,Kevin Tran,9623 William Wall Suite 354 Woodview. NM 43336,1970-03-10,21:20:54,484,202
472,Jenny Thomas,49818 Walsh Fields East Michael. NJ 19783,2013-10-28,12:04:52,526,259
473,Wendy Hughes,8913 Ray Drives Leachstad. CT 04580,1992-11-15,03:22:20,222,503
474,Nicole Mora,738 Nicole Ramp Suite 994 New Natalie. PW 46991,2011-12-23,13:36:24,624,123
475,Shannon Gregory,USNV Rodriguez FPO AE 81915,2019-07-13,23:38:24,511,804
476,Tammy Walker,946 Harris Locks Lesliestad. ID 11565,2015-08-11,01:25:54,487,297
477,Jennifer Arroyo,362 Guerrero Station Hayesfurt. VA 12619,1976-12-11,05:00:32,350,550
478,Brenda Baker,092 Gavin Village Dianaside. DE 64084,1981-05-22,09:48:22,16,305
479,Susan Callahan,3504 Stephanie Walk East Keith. NE 98859,2007-03-16,18:18:20,282,377
480,Michael Robinson,4351 Woodard Loop Maryside. PW 62206,1995-03-07,06:54:57,402,193
481,Robert Ramos,839 Dunn Unions New Natalie. VI 95589,1988-09-20,23:21:08,848,720
482,Mark Bailey,Unit 0687 Box 7943 DPO AE 95412,1997-05-19,05:01:47,384,601
483,Francisco Williams,75028 Brown Alley Port Samanthafort. NC 46394,2005-11-17,14:54:53,835,742
484,Jean Cervantes,24681 Williams Port Lawrenceburgh. ND 44786,2014-05-22,00:13:57,861,10
485,James Simpson,264 Mary Courts Michellefurt. CO 80615,1988-07-13,13:50:03,474,841
486,Jon Torres,PSC 2050. Box 4581 APO AE 43640,1976-10-11,17:30:53,453,285
487,Michael Taylor,4610 Mitchell Glen New Samanthaborough. VA 94591,1983-08-13,05:14:32,601,976
488,Connie Bryant MD,437 Hensley Shoals Apt. 850 North Sarah. MP 54788,1989-04-16,13:57:13,839,294
489,Dustin Gonzalez,2343 Andrew Cliffs Apt. 991 East Erikstad. AR 01827,2018-09-30,19:16:08,339,986
490,Zachary Kennedy,666 Sawyer River Lake Michael. ND 07793,2010-08-31,12:20:48,193,514
491,Aimee Mcdonald,295 Campbell Causeway West Lisachester. TX 01698,2001-06-04,10:01:11,800,899
492,Alexis Brooks,79658 David Ports East Melaniefurt. AL 39241,1977-08-19,17:38:45,799,296
493,Brandon Stewart,PSC 4461. Box 4939 APO AE 26053,1985-09-16,07:43:32,532,815
494,Bobby Powell,824 Diana Rue Suite 482 Lake Meganchester. IL 43836,2002-08-27,22:19:57,399,352
495,David Leonard,Unit 4725 Box 7288 DPO AE 60727,1972-11-01,02:14:15,537,886
496,Joshua Little,42279 Paul Orchard Apt. 013 Barnettton. AZ 07247,1977-06-03,03:57:34,850,361
497,Charles Reyes,330 Heather Underpass Apt. 951 Martinezton. MN 13798,2018-04-08,03:50:24,163,921
498,Robert Singh,42694 Ryan Field North Tamara. SC 92698,1979-04-29,04:14:34,907,444
499,James Smith II,154 James Hills Suite 817 East Sara. MH 08182,1975-02-02,17:30:45,45,236
500,Debbie Mccann,45787 Rebecca Parkways Kimberlymouth. IA 68976,1986-02-08,01:39:21,901,165
501,Shane Wu,631 Nicholas Forks Apt. 103 New Connieland. SD 58180,1976-11-28,04:42:25,126,278
502,Lance Hernandez,229 Grant Views Haroldstad. AR 24680,1974-08-09,23:37:55,988,495
503,Stacy Hoover,USNS Russell FPO AE 17394,2000-10-06,08:35:40,13,53
504,Jessica Duncan,61863 Kenneth Mills Apt. 060 North Ryanmouth. PA 88270,1974-02-07,21:03:07,225,239
505,Darren Romero,262 Henry Fords Apt. 024 East Emily. KY 90335,2008-03-23,03:17:25,840,538
506,Jacob Davis IV,9857 Morris Estates Apt. 073 Moralesfurt. WV 52788,2011-10-09,04:40:32,986,576
507,Matthew Baker,8017 Green Highway Apt. 941 Port Kevin. CO 64090,1970-07-31,12:39:21,674,942
508,Nathan Fisher,8751 Smith Stream South Annside. RI 28465,2008-01-18,01:25:00,828,489
509,Rachel Martinez,58112 Miles Rue Dianaberg. VA 76000,1972-06-27,20:50:40,420,988
510,Donald Spencer,271 Miranda Square Suite 198 Lake Josephville. AK 88177,1986-07-14,03:11:08,146,550
511,Samuel Griffin,5050 Jacob Club Donnabury. AS 89509,2008-10-13,06:48:07,211,55
512,Mrs. Vanessa Brown,5686 Gallagher Mills New George. MN 92892,1992-03-14,22:20:41,829,179
513,Dustin Villa,07783 Robinson Centers Apt. 466 Williamchester. IA 04335,2015-09-30,22:18:30,291,614
514,Brian Adkins,0262 Garza Junction Mullinsbury. TN 06881,1979-09-30,21:23:58,964,835
515,Sara Smith,130 Kelly Turnpike Heatherchester. CA 54950,1980-09-24,18:53:42,583,90
516,Elijah Rivers,90341 Rhonda Mountain Apt. 554 New Melanie. LA 81930,2019-01-28,23:35:33,824,35
517,Mary Hurst,47574 Nicholas Lock Pooleberg. KY 28520,1996-09-03,20:20:53,788,493
518,Lindsay Mitchell,3510 Lisa Ford Suite 530 East Anthony. OK 71087,2005-03-26,22:49:33,615,752
519,Angela Arnold,324 Cobb Ridges Apt. 951 Marvinhaven. MA 63888,1990-03-30,13:23:47,900,17
520,Bradley Smith,27989 Steven Springs Melissaland. WI 87259,1995-10-07,07:07:23,757,612
521,Tyler Mahoney,30014 Turner Extensions Suite 607 Port Donald. OR 34014,1985-07-17,01:36:19,181,794
522,Richard Cardenas,81750 Henry Courts Apt. 115 Port Davidmouth. VI 96797,2002-05-29,22:43:49,63,936
523,Christine Wise,9450 Rodriguez Fall New Tracy. NM 83565,2002-12-28,18:46:26,60,884
524,Nathan Garcia,85218 Harris Junction Ronaldfort. MS 75212,1977-11-10,10:06:10,868,643
525,Kara Nunez,USNV Potter FPO AP 78505,2012-11-05,09:55:42,338,959
526,Amber Hart,367 Gardner Expressway Suite 485 Robertburgh. AS 88994,1985-03-12,00:52:02,922,689
527,Christopher Rowe,28426 Coleman Court Apt. 944 Brockville. NE 60135,2002-06-14,19:45:03,770,642
528,Andrew Jennings,27018 Michael Forks Christopherville. WI 52336,1981-08-05,10:09:37,295,942
529,Robert Stewart,16651 Jensen Turnpike Mitchellborough. NJ 33828,2014-09-18,22:43:01,167,932
530,John Patel,064 Banks Shoal Melissamouth. WY 20763,1987-08-19,10:10:13,736,97
531,Anna Cobb,447 Ryan Point Apt. 841 East Joel. DE 85681,2014-03-23,12:09:07,716,415
532,Matthew Thomas,356 Cruz Shoal Suite 966 Lake Matthewview. AR 97691,1975-07-06,05:17:50,510,288
533,Leslie Robles,3286 Mooney Gateway New Allen. MA 95519,2016-02-21,02:10:02,987,686
534,Jenna Robinson,9398 Katherine Heights New Rachelberg. CA 60295,1995-01-27,21:53:24,158,728
535,James Patel,686 Gaines Mill Suite 538 Brendatown. FL 97464,1980-02-05,07:02:54,139,63
536,Kristen Shaw,985 Mitchell Fork Apt. 635 West Christina. MD 87960,2004-04-04,13:49:49,582,612
537,Kelly Martinez,12909 Matthew Crest Suite 466 West Timothy. SD 78978,2009-01-30,08:44:37,646,793
538,Amanda Walters,1497 Montoya Plains Ryanville. HI 92313,1996-03-13,00:43:59,911,649
539,Mary Trevino,0404 Samantha Mountains South Teresa. MI 02546,1971-06-14,13:14:29,983,230
540,Michelle Greene,2244 Johnson Stream Apt. 976 North Diane. IL 76041,1980-06-27,05:27:04,172,538
541,James Fischer,92927 James Crossing Johnberg. RI 66995,1996-03-10,18:27:28,480,722
542,Kendra King,4383 Heather Via Port Ethan. OK 96662,1972-09-27,03:55:56,428,786
543,Alejandro Reed,67091 Steven Shoal East Melissa. VI 45265,2000-09-09,12:25:26,604,395
544,Steven Valencia,709 Victoria Forest Suite 371 East Seanside. MT 45404,1996-02-15,04:39:04,784,895
545,Justin Brown,6717 Melanie Pines North Rebeccaton. IA 86503,2019-09-20,23:54:28,176,970
546,John Rasmussen,1107 Henry Stream Apt. 541 Robinland. NV 23015,1977-01-24,11:39:19,893,237
547,Stacie Kim,79901 Hoffman Streets Suite 404 Kristishire. AR 79649,1998-06-10,23:46:09,963,563
548,Miss Joanna Wilson DVM,5624 Brian Via Suite 457 Port Michaelburgh. WI 01441,1986-08-13,23:32:35,829,720
549,Catherine Whitaker,82919 Brown Radial West Lance. VI 05200,2014-10-19,00:56:34,404,956
550,Lawrence Lowery,43881 Scott Parks Port Samanthafurt. WA 91211,1979-03-14,11:08:32,208,571
551,Lawrence Fitzpatrick,240 Karen Stream Jenniferborough. NV 05338,1974-02-25,07:21:36,155,107
552,Blake Franklin,33389 Aguilar Trail Apt. 262 Port Donna. NM 71775,2006-10-22,18:44:15,138,264
553,Matthew Diaz,086 Roger Green Apt. 061 North Andreaburgh. VI 78060,1977-08-08,20:38:02,932,62
554,Mr. David Anderson,1046 Marcus Way Suite 517 Valerieville. NH 83067,1992-05-20,05:30:03,861,599
555,Chad Shelton,871 Braun Way Davidburgh. WA 66261,1989-03-21,23:35:23,220,48
556,Colleen Thompson,9304 Copeland Harbors Campbelltown. VA 47899,1971-07-09,17:06:04,885,734
557,Ashley Santos,59730 Rickey Ville Apt. 956 Lake Sharon. MH 85469,1992-04-02,17:55:26,387,160
558,Michael Smith,PSC 8248. Box 0037 APO AP 32755,1999-10-16,01:28:01,126,980
559,Allison Warren,1930 Smith Freeway Aguilarchester. NC 50882,1997-02-21,10:19:49,611,961
560,Sarah Collier,884 Alexandra Glens Apt. 206 Lake Michaelborough. UT 74623,2021-09-16,18:40:35,363,288
561,Emily Larson,0011 Green Rest Suite 207 Laneside. MH 31824,2012-11-26,00:54:02,115,703
562,Manuel Gutierrez,185 Fisher Circle Roberthaven. AS 53640,1998-05-21,12:27:11,257,306
563,Zachary Peters,68952 Garcia Roads Apt. 321 Owensburgh. NJ 81395,1975-11-06,06:27:25,951,426
564,Courtney Watkins,6067 Amanda Rapids North Evelynhaven. NH 96683,2003-02-28,15:05:55,849,612
565,Alexander Reid,USCGC Palmer FPO AE 14583,2022-02-23,05:11:14,790,155
566,Laura Gordon,712 Rebekah Brooks Carriefort. NH 21317,2009-11-07,05:51:12,455,436
567,Nancy Kemp,947 Christine Heights Apt. 518 Gwendolyntown. DC 60920,1983-10-05,15:41:57,457,911
568,Jessica Saunders,6255 Solomon Motorway East Isaac. AK 87982,1977-12-02,04:26:53,228,717
569,Mrs. Heather Jones DVM,19469 Murray Lane Suite 018 New Danielleside. RI 12374,2017-05-26,02:23:11,174,658
570,Lauren Nixon,47362 Ashley Canyon Jacobsberg. MN 55986,2008-08-26,09:37:02,270,481
571,Erica Dennis,61199 Tyler Mission Apt. 410 West Theresafort. NC 31144,2019-05-13,21:43:53,473,393
572,Bernard Fields,6588 Stacey Harbor Patriciashire. MS 56790,1986-06-25,22:58:48,880,429
573,Richard Cooke,2764 Janet Glen Johnsonmouth. TX 98231,1978-03-02,15:51:29,660,275
574,Steven Walker,49542 Melissa Glens East Carrie. ME 59093,1993-04-09,10:14:04,425,11
575,Cindy Cook,513 Dixon Mountain Apt. 404 Jacobshire. MP 10513,2008-03-18,02:42:13,326,180
576,Manuel Chen,PSC 6040. Box 0046 APO AP 99887,2018-12-09,19:51:26,12,877
577,Tina Crane,48688 Ana Isle Youngmouth. MP 08934,2000-11-03,13:11:07,548,730
578,Christopher Clark,2416 Erin Islands Apt. 307 Markston. IN 68900,2017-02-13,04:30:10,927,857
579,James Vance,99729 Nancy Junction Sandraberg. NY 72754,1982-03-12,12:56:46,956,119
580,Faith Lloyd,49108 Evans Ranch Marystad. WI 58627,2015-09-30,22:23:31,28,467
581,Richard Bailey,13319 Sabrina Junction East Juan. LA 59965,2003-11-25,21:40:57,443,607
582,Christopher Ford,2920 Richard Mountains Villegasview. ID 37348,2005-10-13,00:44:35,392,916
583,Kimberly Coleman,86695 John Plaza New Samuel. HI 31681,2009-11-09,08:27:54,241,388
584,Diamond Collins,PSC 2136. Box 2639 APO AA 76214,1997-03-05,10:41:31,83,903
585,Donald Carter,696 Victoria Loaf Suite 330 Bookerburgh. TX 87491,1973-05-23,11:26:01,105,425
586,Donald Brown,8449 Janet Villages Suite 365 Nathanhaven. PW 32614,2023-08-30,17:07:36,884,694
587,Amber Sanchez,3442 Oconnell Ramp Suite 148 Port Markland. NH 76783,2009-03-02,17:21:21,305,993
588,Richard Allen,05859 Holt Mount Joelburgh. MN 45076,2000-11-07,09:12:17,556,562
589,Janet Gordon,03122 Michael Shoal Suite 276 South Williamhaven. NH 35248,2018-01-19,07:50:18,967,701
590,Christian Glover,0560 Sarah Roads Jessicahaven. MD 09625,2008-07-05,00:07:39,586,424
591,Mark Johnson,6501 Chapman Spring Apt. 867 Parkerton. SD 62139,1973-03-13,18:05:51,437,857
592,Brianna Pearson,8087 Adams Wells Nicholaston. MA 60297,2024-07-21,00:43:19,930,411
593,Kelly Garner,9715 Victoria Trail South Jeffrey. AZ 75654,2017-10-29,20:12:24,593,226
594,April Ferguson,49322 Miller Tunnel North Gina. ME 88948,2003-12-09,16:13:22,551,429
595,Gregory Cross,677 Robertson Summit Suite 462 Port Michelleland. AS 81981,1983-06-14,00:34:39,103,369
596,Dan Reed,166 Antonio Estate West Christine. MN 89211,2006-02-17,09:36:21,215,634
597,Vincent Daniels,4431 Bishop Views Suite 155 East Paulamouth. CA 77581,1986-03-07,10:06:57,414,944
598,Holly Taylor,55863 Vincent Stream Williamstown. OK 51444,2015-06-26,00:51:22,719,189
599,Allen Meyers,75325 Brenda Square Suite 766 New Thomas. AR 91080,1973-02-03,12:05:48,464,77
600,Miss Autumn Miller,36993 Joann Forest Suite 649 Michaelburgh. OR 16527,2002-05-12,22:41:36,821,488
601,Mrs. Barbara Parker DDS,115 Kathryn Shoal Apt. 313 Terryton. CA 63035,1975-04-11,09:30:35,858,514
602,Jeffrey Mccoy,4936 Karen Glens Lake Kristibury. VI 38009,1988-05-23,03:41:09,212,933
603,Tiffany Garrett,921 Johnson Heights Lake Cameron. MN 15043,2004-01-19,06:54:45,212,805
604,Kyle Boyd,104 Robert Rapids Turnerborough. TN 59228,1974-02-28,04:13:21,148,100
605,Richard Holland,PSC 1578. Box 9438 APO AP 08796,1985-01-26,11:36:13,186,61
606,James Alvarez,478 Johnson Terrace Suite 567 Elizabethberg. KY 63573,2007-07-02,22:32:38,720,196
607,Christine Hodges,1187 Lauren Valley West Steven. AL 43224,1994-07-08,14:03:08,401,589
608,Brett Flores,92537 Murray Brook Suite 501 Atkinsonfurt. AK 22859,1972-04-23,11:57:59,331,152
609,Richard Hernandez Jr.,339 Lauren Shoals Suite 310 Jacksonshire. VT 48518,2023-09-22,19:49:49,418,999
610,Cheryl Roach,330 Jason Street Apt. 249 Contrerasstad. AK 92589,1972-08-26,14:55:08,174,252
611,Jeremy Carroll,2176 Jacob Prairie Suite 426 Mooreville. FM 40055,1986-09-22,10:30:43,370,66
612,Manuel Lopez,64428 Wilson Points New Sarah. SC 86258,2013-11-09,00:20:24,513,303
613,Becky Smith,59226 Michael Point Apt. 689 New Annaside. AL 04473,1979-11-11,13:10:34,516,740
614,Maria Huynh,562 Saunders Drive Suite 266 North Zacharymouth. WV 52424,1985-03-15,21:28:31,329,995
615,Nathaniel Kennedy,PSC 7526. Box 0223 APO AE 24046,2010-07-02,22:11:46,806,7
616,Sheila Lynch,77650 Jennifer Flats Suite 004 Batesland. UT 42861,1996-05-19,22:02:40,435,460
617,Kyle Cannon,89347 Wanda Lakes Sarahville. AZ 68783,1980-05-17,11:25:06,704,34
618,Heather Savage,08161 Kara Ville Thompsonville. GU 05566,2002-08-15,21:00:53,333,58
619,David Brown,02051 Lynn Place Jordanville. SD 62006,2018-10-11,02:36:43,472,160
620,Jessica Salazar,547 Stewart Vista Apt. 154 Lake Josestad. VT 95680,1985-06-17,17:59:41,117,437
621,Eric Wall,19984 Norris Mill Apt. 496 Pierceshire. LA 34981,2012-01-06,23:05:09,504,869
622,Brandon Beck,967 Gomez Gardens Sherylburgh. ND 74737,1979-09-07,15:43:31,709,377
623,Karina Guzman,Unit 4444 Box 0204 DPO AA 32705,1973-05-23,06:53:06,214,6
624,Emma Davis,24138 Dorsey Villages North James. GU 87325,1980-01-28,18:47:51,402,307
625,Susan Butler,25814 Williamson Rue East Christopherview. NV 16067,1999-06-19,05:46:20,377,568
626,Rachel Roberts,PSC 8919. Box 2383 APO AE 56136,2000-10-15,09:06:53,75,73
627,Kathleen Boyd,62131 Alvarez Valley North Dustin. OR 01617,2016-07-10,00:50:22,327,466
628,Michael Long DVM,903 Steve Field Apt. 337 East Brenda. OR 25085,2023-11-02,18:51:46,132,132
629,Terry Olson,206 Deborah Stream Lake Michael. VA 78413,1993-06-03,08:55:28,738,903
630,Justin Stevens,3595 Daniel Shoal Perkinsland. AZ 74394,1975-12-04,07:56:29,712,47
631,Joseph Williamson,322 Tracey Gateway Jeremyhaven. NJ 38593,1976-07-02,01:19:12,220,12
632,Karen Fields,215 Rangel Run East Brittany. KS 17703,2021-04-18,01:52:43,342,22
633,Carlos Case,216 Johnson Walks Apt. 667 Kathymouth. AK 27720,2004-04-25,20:22:34,69,639
634,David Greene,7689 Barber Manor Suite 394 North James. AS 81245,1993-07-09,00:15:04,942,780
635,Wendy Brown,538 Zuniga Pine Apt. 303 Clarkton. MN 08576,1976-10-09,07:49:02,889,765
636,Debra Alexander,436 Hayden Cliffs Toddmouth. NC 61195,1979-09-12,16:36:15,512,502
637,Elizabeth Mcdonald,6029 Gonzalez Extension Apt. 324 South Ronaldport. NY 03952,2019-10-18,18:29:04,989,207
638,Dr. Kimberly Williams,77571 Jacob Squares Suite 954 Michealland. DE 37410,1970-09-30,01:54:11,68,620
639,Raymond Brown,5383 Cortez Valleys Suite 970 Brownville. FL 33486,2021-05-17,07:27:30,181,818
640,Lisa Watson MD,433 Solomon Place Apt. 400 Travistown. CT 23128,1999-08-11,00:58:13,611,25
641,Julian Johnson,Unit 9940 Box 9705 DPO AE 63801,2000-09-16,18:50:56,594,889
642,Kimberly Hall,310 Andrew Run Apt. 141 Robertton. MD 46390,1985-07-20,15:40:47,872,991
643,Christina Harris,410 Rebecca Skyway Deannabury. TN 74655,2004-10-08,16:08:08,531,228
644,Michael Smith,511 Aguilar Village Suite 079 Smithside. MD 79194,1999-09-28,20:05:51,691,81
645,Randy Brown,Unit 8607 Box 0419 DPO AA 08022,1996-08-07,19:21:47,522,968
646,Diana Cervantes,12406 Jason Fork Suite 667 Fowlerfurt. TX 17494,1977-11-16,13:54:08,247,263
647,Brett Jenkins,255 Green Village New Michelleview. CA 78076,1987-08-10,12:54:38,260,563
648,Susan Williams,7419 Paul Forge Johnnyside. ND 63043,2001-02-10,13:24:15,814,19
649,Laura Little,398 Morgan Point Suite 951 Lake Tinachester. CT 34342,1996-12-15,11:55:47,739,575
650,Valerie Hahn,694 Brown Bypass Apt. 459 Pachecostad. SC 70812,1991-04-23,23:10:31,31,515
651,Robert Medina,188 Nguyen Route Apt. 132 West Steven. AL 71920,1971-04-19,17:44:09,586,388
652,Natalie Carson,Unit 1126 Box 6564 DPO AE 99575,2019-07-22,23:45:54,563,667
653,Keith Stephens,2948 Castro Mall Suite 831 Port Wesleyburgh. RI 21684,2014-06-04,14:09:50,861,836
654,Samantha Anderson,991 Daniel Orchard Jenniferton. RI 92678,2010-12-30,01:22:05,991,59
655,Jessica Wilson,955 Jordan Port Suite 535 North Carrieville. MD 18159,2002-12-17,14:04:24,918,815
656,Jeremy Carter,461 Brown Road South Donna. SC 28208,1983-11-23,21:54:29,416,449
657,Matthew Jackson,58556 Case Crest South Graceview. NM 82113,1998-12-09,02:10:59,452,671
658,Scott Martinez,83922 Richmond Mountains South Kristineland. NH 66071,2017-06-08,17:37:07,711,869
659,Deanna Casey,56453 Edwards Lights Apt. 635 Nicholeburgh. SC 87425,2006-07-28,04:42:31,179,181
660,Mariah Good,6207 Nguyen Rue Lake Lindaland. VI 84073,2015-11-02,15:50:34,7,751
661,Crystal Adams,USCGC Smith FPO AP 59888,2005-02-14,08:17:34,373,164
662,Sean Murphy,35784 Martinez Mountains Tonyaborough. KY 31966,1971-01-09,02:33:09,153,688
663,Chelsea Hanson,8412 Edward Shores Reedstad. NJ 61315,1977-05-12,19:39:11,720,571
664,Dr. Michael Moran,939 Moody Islands West Mitchellfort. NV 44587,2003-04-28,12:41:36,937,780
665,Holly Christensen,2461 Kelley Row Youngfort. WA 30690,2019-02-16,13:45:45,806,8
666,Parker Grant,18278 Patrick Trace Apt. 182 Jacksonshire. AS 88884,1997-08-12,16:25:34,960,694
667,Marcus Stephens,4992 Simon Road Josephshire. DE 72030,2001-01-11,12:07:56,993,106
668,Bryan Lee,65173 Maxwell Forge Christineberg. FM 80710,2015-10-01,16:36:53,387,430
669,Chris Harris,6512 Brown Manors Apt. 942 North Matthewhaven. OR 41710,2006-09-22,11:55:04,423,909
670,Nicole Johnson,63104 Washington Motorway Stewarthaven. WA 52859,2020-07-14,05:25:26,862,364
671,Kevin Coleman,616 Reynolds Inlet Port Alan. ND 45976,2000-08-10,03:36:10,976,135
672,Donna Thomas,8334 Robert Squares East Calebside. VT 81670,1993-11-22,01:51:37,523,41
673,Steven Brown,USS Robinson FPO AP 18005,1978-03-03,18:08:10,804,176
674,Alyssa Williams,9025 Justin Place South Steven. MA 69637,1980-01-21,07:44:01,637,719
675,Ashley Hansen,5135 Bryan Plaza Apt. 709 Grossfurt. VI 19845,1981-04-21,08:34:06,633,446
676,John Christensen MD,78449 White Light Garyview. WI 09943,1994-04-29,00:04:45,821,106
677,Martha Gray,5464 Ramirez Meadows Apt. 558 South Teresa. DE 68402,2002-01-25,01:17:14,197,311
678,Daniel Alvarado,5172 Daniel Courts Karenshire. UT 60567,1983-08-17,06:42:51,380,427
679,Kathryn Herrera,8801 Weaver Ferry Stephanieville. WI 75643,1983-12-17,06:38:26,749,138
680,Adam Ross,2289 Michael Wells Lake Debramouth. AL 73952,2013-12-23,08:32:57,869,631
681,Beth Robinson,87340 Lucas Forge Fowlerville. ID 57570,1996-03-06,01:25:59,684,658
682,Tracy Martinez,7044 Robert Pine New Ian. DC 06731,1985-06-30,19:10:18,425,770
683,Yolanda Long,15866 Levy Well Davidfurt. SC 81438,2012-06-19,12:08:27,377,591
684,Cheryl Maldonado,424 Davis Square Suite 512 South Ryan. MD 44703,2017-02-16,08:13:55,852,796
685,Tamara Rodriguez,68338 Rebecca Junction Suite 365 Lake Nicoleshire. ME 60801,1996-08-09,10:08:45,10,739
686,Theresa Garner,842 Jeff Walk Apt. 091 North James. DE 06887,2008-11-24,00:25:39,785,605
687,Gina Hernandez,08233 Duncan Islands Suite 657 Martinezberg. FL 97546,2016-06-03,21:51:55,363,283
688,Ann Mccullough,36370 Williams Streets Apt. 714 New Christinastad. OH 84173,2021-05-20,17:24:58,377,376
689,Jason Park,761 Travis Camp Carrollbury. WA 64238,2008-07-20,16:40:37,575,924
690,Carolyn Wise,342 Andre Freeway New Stephenberg. IN 07059,1993-03-28,17:40:07,479,766
691,Wesley Ford,PSC 1780. Box 1507 APO AP 00624,2007-10-22,12:39:53,193,652
692,Joshua Cook,920 Sarah Parkways Suite 139 Transhire. ND 79842,1996-04-25,22:48:34,370,984
693,Scott Sanchez,59611 Martin Greens Apt. 771 Lake Chelsea. RI 35219,2010-09-16,22:20:53,643,287
694,Isaac Benson,25874 Allison Key Suite 208 West Jessicafort. VT 87486,2021-01-02,18:45:42,612,29
695,Jennifer Mendoza,5208 Graham Points Port Brendachester. WA 72579,1974-09-01,13:19:01,812,802
696,Courtney Erickson,6036 Maria Villages Martinezmouth. HI 69485,1999-03-12,07:16:48,802,772
697,Bryan Johnson,924 Simon Spur Suite 397 Lake Barbara. AZ 21905,1970-02-24,21:15:20,547,124
698,Alfred Chandler,PSC 9355. Box 9971 APO AA 92548,2007-09-26,15:42:17,127,17
699,Jonathon George,241 James Harbor Suite 163 Joelville. FL 19205,1977-10-28,12:37:37,513,595
700,Daniel Cunningham,49952 Myers Spring Mariaborough. IA 76073,2001-08-05,15:55:59,838,692
701,Amanda Newman,8297 Mcmahon Island Suite 176 East Ryan. NY 23090,1995-06-25,22:52:50,720,385
702,James Cole,74667 Hayden Plain Port Rachel. PR 09593,2018-11-26,13:43:59,27,361
703,Jeffrey Spencer,958 Sara Ford Apt. 427 Mitchellview. AL 25582,1981-06-26,18:51:35,28,432
704,Juan Neal,USNS Guzman FPO AP 38906,2017-09-23,15:39:49,75,420
705,Matthew Hernandez,6389 Mueller Overpass Suite 048 West Claytonport. OK 66491,2009-05-21,19:11:36,173,224
706,Brian Taylor,671 Katherine Well Lake Aliciaview. IL 70771,1980-07-09,16:28:23,962,906
707,Daniel Martin,4823 Christopher Bypass Santiagoport. ME 15806,1979-08-20,02:11:36,924,928
708,Steven Bowman,88397 Webb Route Suite 930 Smithview. FM 16668,1987-06-06,18:22:25,533,906
709,Judith Brooks,585 Hill Flats Richardsonhaven. VI 98132,2011-08-25,20:32:14,528,760
710,Douglas Williams,96811 Wise Junctions Lake Russell. MS 44231,1995-05-13,10:24:36,963,505
711,Sandra Gallagher,871 White Courts Apt. 037 Port Andrewland. PW 46278,1992-05-14,18:59:49,815,678
712,Tonya Barnett,9233 Tanner Hills New Patrick. FL 32290,2001-10-20,13:35:45,930,913
713,Michael Steele,820 Erin Ramp Suite 179 Brandonside. TN 61647,2009-11-03,05:28:00,416,694
714,Lisa Baker,77177 Jones Row North Johnview. TN 93934,1974-01-28,12:20:12,139,951
715,George Washington,USS Evans FPO AE 30034,1977-11-05,07:47:00,788,626
716,Thomas Hansen,Unit 2781 Box 7330 DPO AA 67374,1992-06-22,07:15:30,509,386
717,Elizabeth Perry,036 Jones Highway Davidstad. NE 56675,1987-03-19,11:42:45,778,709
718,Allison Santiago,914 Davis Oval Beckerfurt. GA 76022,2022-05-12,18:49:21,558,48
719,Kayla Reyes,1103 Walker Meadows Apt. 112 Brownchester. AL 91796,2004-11-10,04:57:14,997,52
720,Kathleen Johnson,35646 Morris Island Suite 001 South Gary. WI 21342,1971-06-05,04:47:58,805,56
721,Amy Garrison,92135 Amber Crossroad Apt. 054 Smithton. MA 76819,2023-04-18,13:51:24,795,673
722,Chase Coffey,35848 Page Crescent Suite 838 North Brittanytown. FM 11309,1986-10-15,11:34:18,638,736
723,Charles Wise,58775 Adams Run Lake Tamara. WA 17958,2007-04-06,23:46:05,518,156
724,Judith Smith,6888 Padilla Terrace Apt. 846 Blankenshipville. TX 74326,2016-03-08,21:10:29,564,649
725,Karen Cochran,31124 Nathan Lakes Suite 004 Collinsfort. NM 76814,2000-12-06,01:17:31,116,6
726,Stephen Smith,35298 Diane Rest Paulburgh. WA 06947,2021-08-20,14:22:01,613,796
727,Aaron Whitaker,154 Macias Radial Lewisstad. ND 40266,1992-10-20,05:40:51,204,398
728,Diana Mccoy,PSC 5527. Box 1021 APO AE 62174,2010-10-30,11:32:45,105,765
729,Kevin Burke,79206 David Ways East Sarah. GU 25591,1978-09-25,20:06:47,523,12
730,Tracey Mendoza,781 Carrie Plains Apt. 958 North Jeremyville. WV 89660,2017-11-01,02:56:01,174,756
731,Shannon Clark,935 Sharon Prairie Suite 718 Jerryview. VI 31549,1976-06-12,12:45:09,354,571
732,Andrew Gonzalez,76808 Harris Villages East Jenniferberg. AL 66763,1983-01-18,10:40:57,701,229
733,Kevin Robinson,881 Lewis Squares Suite 654 Georgebury. CA 73507,2004-03-04,22:56:13,208,820
734,Derrick Gonzalez,92982 Brooks Inlet Suite 421 Teresabury. IN 27331,2017-09-01,16:49:29,400,978
735,Stephanie Moore,4845 Alexis Meadows Brittneyshire. LA 77515,1993-03-11,11:39:53,501,741
736,Ashley Hopkins,0637 Ryan Junctions Apt. 482 Carlosmouth. LA 67779,2015-08-15,02:27:21,179,154
737,Denise Bailey,58572 Jeffrey Squares Suite 706 North Peterton. MS 76202,2013-04-23,23:02:11,898,885
738,Joshua Owens,715 Reed Stravenue Apt. 898 East Robert. FM 49157,1977-01-21,11:09:13,567,452
739,Alicia Jackson,674 Richard Canyon Careymouth. IL 82072,2009-02-06,19:45:17,952,438
740,Michael Stevens,8390 Stephanie Stravenue Suite 938 Lake Shawn. MN 48916,2003-01-15,01:23:39,574,822
741,Kimberly Moore,23710 Tammy Center Apt. 394 Victorville. VI 05847,1997-01-15,08:05:00,257,576
742,Scott Johnson,715 Elaine Ville Suite 953 Chadfort. DE 65712,1981-11-10,07:33:49,396,301
743,Jennifer Watson,034 Mcclain Freeway Apt. 200 Waremouth. VA 65155,1996-03-09,17:51:10,611,882
744,Dakota Dixon,USNV Hernandez FPO AE 97169,1989-09-04,17:49:27,196,874
745,Jamie Bullock,074 Jason Brook Port Ryanshire. ME 20701,2001-08-16,14:04:50,563,868
746,Amber Castro,85196 Matthew Fords Morrisville. AL 73621,2021-07-24,01:48:59,768,824
747,Kaitlin Washington,37076 Joshua Lakes Apt. 451 Paulville. VT 73657,1993-03-21,08:38:24,243,949
748,Andrew Logan,67810 Jennifer Mission Suite 583 Russellchester. WY 45047,2018-11-23,22:58:18,576,745
749,Dillon Santiago,39072 Ian Creek East Yvonneside. NJ 52348,2002-02-08,13:27:04,254,732
750,Marcia Hall,492 Cox Mills Apt. 884 Lake Sarah. NH 59694,1998-12-21,22:54:08,491,3
751,Melissa Peterson,294 John Passage East Eduardo. PA 03897,1976-01-09,23:21:55,274,965
752,Ronald Ramirez,PSC 7812. Box 3972 APO AP 18400,2015-01-25,01:40:13,814,958
753,Janet Smith,7834 Kaitlyn Cape Suite 041 New Joseph. HI 55178,2011-04-04,19:02:06,625,713
754,Adam Jones,20807 Mason Lodge Lisaburgh. HI 30783,1990-04-14,14:12:46,714,100
755,Amanda Miller,56533 Smith Corner Turnerstad. AK 03467,2002-01-02,14:31:01,297,296
756,Kimberly Stephens,5013 Robert Rue New Aliciaport. PW 30086,1980-09-10,05:13:01,100,530
757,Mr. Kenneth French,0611 Castro Crossroad Apt. 786 Spencetown. UT 29859,1970-09-12,01:35:28,756,904
758,Jonathan Clark,Unit 7140 Box 6913 DPO AE 38613,2009-06-09,19:48:03,638,921
759,Stephen Miller,353 Benson Fords New Jeffery. MO 46435,2021-03-28,05:29:13,653,460
760,Jennifer Ibarra,6379 James Alley Josephbury. MN 77040,1980-10-09,10:57:19,803,679
761,Patrick Davis,00189 Ayala Drives Jacksontown. MA 85410,2012-02-12,19:27:44,982,347
762,Tamara Bradshaw,102 Amber Point New Dana. WY 68560,1993-12-01,21:52:17,4,996
763,Lee Thompson,776 Scott Ridge Maryberg. NH 52938,1973-02-26,20:10:58,209,87
764,Elizabeth Glass,90760 Garza Trace Suite 023 West Karen. DE 81787,2023-09-06,08:02:38,118,413
765,Marie Jackson,966 Horn Coves Greenstad. IN 52137,2000-01-22,10:47:39,598,285
766,Catherine Richards,9683 Roberto Skyway Nicholasmouth. OK 94118,2011-11-25,08:08:50,388,147
767,Jason Proctor,PSC 4489. Box 3306 APO AE 08030,1976-02-01,06:10:31,572,815
768,Robert Hartman,125 Dylan Tunnel Kevintown. AZ 52407,1978-02-12,15:25:04,605,648
769,Lindsey Barrera,03522 Kathryn Land Carriemouth. MI 13978,2014-05-12,00:59:03,983,222
770,Gabrielle Rose,PSC 9022. Box 6529 APO AP 37868,2018-11-26,03:55:49,929,240
771,Steven Gray,53846 Dyer Island Port Jennifershire. IA 59077,1972-04-11,01:59:30,390,67
772,Don Lopez,297 Nichols Ridge Suite 900 Delacruzberg. VA 71002,2004-07-20,06:53:03,204,609
773,Steven Phillips,USS Oneill FPO AA 51301,2021-10-22,07:37:59,985,786
774,Alyssa Newton,1586 Joshua Run Matthewtown. TX 10106,1992-10-06,13:16:25,957,316
775,Hayden Boyd,PSC 3237. Box 9834 APO AP 67527,1995-04-25,22:06:23,581,674
776,Mr. Douglas Lee,199 Hampton Motorway Suite 560 Michelleview. PW 88883,1993-02-04,14:14:45,11,426
777,Ashley Cunningham,54729 Laurie Stravenue East Jamesport. CA 96531,1971-10-23,17:44:52,829,368
778,Emily Roberson,4660 Joshua Mews Lake Amber. OH 00741,1985-07-25,16:55:38,772,364
779,Brandon Gonzalez,5428 Ward Pine Apt. 283 Guerrerostad. OR 92774,2024-04-18,08:48:01,889,980
780,Cole Church,520 Lawson Junction Mcintyreburgh. KS 73657,2020-08-19,20:19:40,344,506
781,Joseph Armstrong,8086 Pam Green Katherineberg. AK 65999,1972-10-02,02:48:30,132,721
782,Barbara Lynn,717 Monica River Markburgh. NJ 71435,1970-10-26,12:48:20,936,295
783,Kevin Freeman,68062 Jacob Road Lake Kristinaburgh. HI 47234,2000-03-05,20:17:50,421,13
784,Lisa Joyce,309 Moreno Centers Suite 928 Garrisonburgh. ND 59073,2003-01-22,20:09:21,301,754
785,Anthony Sims,04872 Goodman Trail New Ashley. GU 81732,2020-04-08,00:53:21,517,844
786,Madison Kemp,9565 Michelle Glens Anitafurt. WA 94256,1993-11-21,04:51:50,881,948
787,Cheryl Mccormick,2611 Henderson Pike Georgestad. KY 93064,2014-11-03,22:46:00,134,470
788,Gabrielle Smith,0441 Thompson Extensions Justintown. NV 22674,2019-04-13,22:12:38,540,296
789,Vincent Mcneil,441 Thompson Forks North Larry. OK 45647,2001-01-04,23:14:47,889,915
790,Holly Villanueva,18787 Gregory Port North Jasontown. OK 94983,1999-10-02,19:34:58,730,685
791,Teresa Scott,065 Leach Coves Apt. 826 Connieshire. IL 25925,2003-01-16,13:48:37,150,126
792,Marissa Hughes,617 Mercado Pike Apt. 464 Lyonsmouth. TN 53325,2018-07-18,12:53:31,466,60
793,Travis Kirk,019 Madison Valleys Suite 532 South Matthewburgh. MT 66693,1982-01-25,14:05:35,553,427
794,Richard Johnson,910 Mccall Forge Torresville. MP 72064,1970-02-07,06:04:48,311,688
795,Michael Brown,25863 Jennifer Loop Suite 898 Port Alicia. VT 21715,1991-05-09,17:48:32,334,767
796,Joan Barker,1399 Amanda Spring Apt. 279 New Dannyton. VA 11329,2002-01-10,05:50:55,817,411
797,Jason Martinez,014 Bryan Crossing South Jessica. MT 17878,1983-01-07,17:40:20,806,80
798,Jessica Hopkins,8894 Cheyenne Pass Benjaminport. SD 35919,2013-06-15,08:34:01,793,907
799,Mr. Manuel Harrison,687 Woods Mill Suite 496 Sabrinafurt. ND 14510,1993-10-11,20:34:10,719,166
800,Melissa Carlson,USNS Solomon FPO AE 31505,2015-09-01,19:23:50,908,723
801,William Hawkins,5576 Danny Springs Suite 796 Humphreyport. WY 18460,2020-05-06,21:10:31,592,902
802,Michael Shepherd,054 Choi Street Suite 159 Fraziermouth. KY 56682,1994-06-28,05:59:26,623,827
803,Bradley Wyatt,079 Jones Extensions West Joseph. SC 78762,2022-06-17,05:08:51,294,30
804,Juan Moody,Unit 7519 Box 9274 DPO AA 57019,1975-11-22,14:54:37,645,706
805,Timothy Powell,643 Ian Gardens Apt. 941 North Samantha. AR 30828,1985-06-22,04:09:09,394,412
806,Pedro Hester,58357 Taylor Ville Apt. 165 South Kristinamouth. VA 28364,2021-08-31,08:54:31,585,963
807,Adrian Joyce,6203 Taylor Viaduct Suite 292 Myersside. PA 65941,2012-10-02,00:09:59,515,583
808,Jill Jordan,72079 Connor Walk Suite 775 Mathewstad. MD 08400,1992-08-02,12:56:49,262,109
809,James Thompson,25851 Holly Glens Hannahbury. UT 84963,2018-06-27,15:38:42,835,223
810,Denise Anderson PhD,76673 Gordon Land Harrisonland. KS 51888,1991-01-23,02:52:05,953,896
811,Janice Sanchez,Unit 7565 Box 5735 DPO AA 67768,2005-02-15,07:59:03,134,580
812,Amy Nolan,646 Martinez Trail Johnnyhaven. IN 16642,2017-03-07,06:10:46,777,808
813,Christopher Mcgrath,69413 Maxwell Courts Suite 472 Port Stephanieside. ND 21036,2023-03-29,04:01:35,257,84
814,James Browning,PSC 7822. Box 5827 APO AE 30942,2022-12-12,20:25:05,880,417
815,David Padilla,287 Carroll Corner Torreschester. LA 33692,1993-06-04,09:47:26,517,705
816,Amy Lopez,4871 Carrie Road North Daniel. MO 50756,1980-10-16,14:59:17,307,981
817,Angela Dorsey,37344 Walker Heights New Stephentown. CT 43512,2021-09-05,02:39:16,83,402
818,Erik Smith,886 Shawn Plaza Suite 221 West Ricky. PA 56235,1989-10-12,10:15:12,88,7
819,Michael Michael,251 Green Branch Hugheshaven. GA 16929,1979-02-15,23:47:23,538,828
820,Mark Short,Unit 0923 Box 9474 DPO AA 66390,2021-12-13,06:50:19,234,107
821,Betty Henderson,7980 Sheila Brook Apt. 405 North Valerie. OH 84893,2021-01-15,09:50:43,813,842
822,Joshua Ward,128 Maurice Common Apt. 917 Lake Meganfort. OH 50851,1974-03-30,21:32:46,688,830
823,Mark Aguilar,1631 Strickland Isle South Jeanchester. ND 18014,1975-03-25,00:04:02,261,520
824,Terri Moore,15720 Hancock Shoals Lindaborough. IA 76078,1988-09-01,08:51:43,73,649
825,Rebecca Young,PSC 4881. Box 9580 APO AP 68057,1986-11-03,10:36:35,805,190
826,Kari Pierce,89460 Oliver Port Apt. 942 Bonnieberg. CO 82882,1995-05-27,20:18:13,215,26
827,Ashley Carey,1059 Chad Point North Teresashire. FL 92937,2014-01-02,17:59:39,906,548
828,Dean Johnson,4430 Cooper Lights South Gina. VT 82744,1970-06-11,01:51:24,100,293
829,Debra Ward,7920 Mitchell Crossroad Carriebury. TN 62192,1987-10-11,09:18:07,635,647
830,Alexander Santos,1330 Chapman Locks Apt. 952 Maryborough. UT 91891,2016-04-13,19:36:17,30,327
831,Brian Smith,277 Thomas Gateway Davidhaven. UT 70220,2016-04-26,21:45:44,727,108
832,Lindsay Deleon,22944 Joseph Via Apt. 511 Mooremouth. DE 04762,1991-01-16,19:23:50,572,212
833,Stephen Hart,Unit 9114 Box 7514 DPO AP 36695,1993-05-02,10:27:55,196,740
834,Jenny Diaz,215 Wagner Roads Suite 388 Reillyland. MH 66768,2018-07-14,08:28:44,353,660
835,Kenneth Wilson,744 Joseph Rapids Lake Alexanderport. MS 88451,1971-03-19,15:07:29,700,965
836,Jillian Shelton,53110 Richard Club Suite 762 East Jacktown. WI 07798,1991-10-20,13:36:41,190,245
837,Maria Davis,530 Molina Hills Tapialand. AS 15006,2009-11-08,17:12:19,633,784
838,Natalie Bullock,34035 Baxter Burgs New Jeffreystad. CT 60450,1977-10-25,01:25:57,975,827
839,Carolyn Harding,4508 Sydney Courts Apt. 537 Brownshire. DE 65503,2009-11-09,08:56:06,638,948
840,Danielle Dawson,801 Chloe Tunnel Longburgh. NE 50464,1987-10-01,23:50:58,370,131
841,David Jordan,Unit 4117 Box 2661 DPO AA 93497,2004-03-07,07:11:16,382,188
842,Kimberly Wilson,4686 Micheal Rapids Kristinamouth. CO 11387,1998-02-20,06:48:39,350,650
843,Amy Wilson,41721 Christine Ranch Suite 023 North Nancy. RI 37000,2006-05-03,06:13:45,851,668
844,Richard Spears,389 Miller Underpass West Marystad. NH 33360,1994-01-27,01:41:07,47,553
845,Kim Roberson,53994 Pamela Extension Nicolemouth. SC 22030,2022-01-09,20:29:30,396,707
846,Guy Lynch,564 Jason Canyon Apt. 391 South Michelle. FM 43122,1972-04-12,03:15:29,739,841
847,Karen Mcpherson,8870 Montes Port Walshhaven. SD 63262,1974-07-11,05:14:36,870,295
848,Sarah Frederick,8379 John Haven Suite 673 North Kristentown. TN 69409,2010-08-22,09:27:45,375,267
849,Anthony Lowery,220 Walton Heights Suite 043 Gabrielstad. NY 54209,2012-08-02,03:40:04,681,313
850,Jennifer Simmons,Unit 8160 Box 0317 DPO AA 18474,1978-06-16,12:47:19,519,415
851,Laurie Murray,Unit 3280 Box 3231 DPO AE 36173,1973-12-22,19:00:51,863,862
852,Kathleen Hernandez,Unit 0811 Box 6386 DPO AA 53217,1973-01-29,15:06:31,944,333
853,Melissa Johnson,63244 Amy Glen Cannonton. FL 07270,1985-07-12,06:43:47,765,311
854,Lindsey Luna,USNS Compton FPO AE 01056,1974-11-13,17:47:33,980,249
855,April Logan,934 Robbins Harbors East Donald. GU 60493,2015-09-16,19:51:32,223,587
856,Dennis Ramos,859 Lori Ridge Brianstad. VA 24120,1972-01-02,19:21:47,7,373
857,William Gonzalez,5869 William Course Apt. 874 Jacobport. KY 05316,1983-05-24,17:23:56,713,995
858,Russell Matthews,6260 Myers Road South Tammyhaven. ME 55019,1973-07-28,08:05:28,793,11
859,Allison Baxter,01404 Catherine Isle Brendatown. OH 09665,1998-05-11,21:32:15,44,991
860,Melvin Carpenter,164 Amanda Divide Suite 110 Jefferyburgh. GU 72420,2014-04-05,23:39:16,185,176
861,Terry Nelson,396 Heather Lodge Apt. 330 Williamstad. MD 94661,1994-11-21,02:24:15,749,903
862,Diane Brown,68487 Clark Port Apt. 964 South Eugene. MI 62647,1994-09-10,12:24:12,85,517
863,David Riley,PSC 0107. Box 7085 APO AP 85213,1971-12-17,05:55:51,657,529
864,Laurie Brown,USNS Edwards FPO AA 93646,2001-04-13,12:10:04,31,128
865,Nicole Mckay,77047 Jennifer Parks Suite 763 Dodsonstad. WY 47257,1994-01-24,11:04:37,844,348
866,James Brown,01669 Oneal Hill West Tammyland. IA 03001,2012-01-12,05:02:00,656,537
867,Vanessa Martin,213 Andrew Viaduct Apt. 433 Bellbury. PR 63273,2002-04-09,10:15:18,497,315
868,Anne Nelson,66295 Matthew Alley Apt. 662 West Melissa. OH 48755,1994-03-28,01:38:09,631,337
869,Kevin Contreras,153 Floyd Glen Apt. 590 Atkinsborough. HI 79909,2018-01-04,00:04:06,97,767
870,Melanie Mcconnell,827 Timothy Street East Jennifer. OH 60886,2000-08-08,07:25:31,502,284
871,Madeline Perez,52367 Jonathan Glens Apt. 518 Andreaborough. ND 67469,1995-11-29,19:02:40,37,880
872,Jason Ingram,229 Rollins Meadows North Joshua. NM 89558,1985-08-28,07:48:01,827,65
873,Hector Lam,983 John Extension Jensenburgh. NJ 83739,2017-09-09,20:43:11,136,228
874,Laura Gregory,55648 Patterson Creek Apt. 270 Angelaside. AL 35689,2008-03-18,06:38:59,996,869
875,Carolyn Williams,3834 Robert Circles Ruizshire. ND 03509,2000-03-03,19:12:45,502,798
876,Veronica Williams,USCGC Hall FPO AP 03614,1984-05-06,19:00:14,187,405
877,David Frank,449 Rita Squares North Shawntown. NE 12514,1980-08-19,04:01:17,197,933
878,Timothy Hamilton,121 Sandra Parks Apt. 477 Christopherton. OR 49445,1977-05-30,22:08:51,199,849
879,Mr. Richard Hudson,85978 Smith Plain Suite 321 Harrisborough. VI 50951,2023-08-27,19:56:55,679,239
880,Roger Archer,PSC 1407. Box 5454 APO AP 92216,1988-01-01,16:29:39,422,0
881,Alexander Hatfield,860 Garner Rapids Monroefurt. RI 27396,1993-01-12,01:12:33,567,84
882,Heather Ferrell,178 Jackson Causeway Raymondchester. MO 05274,1977-12-08,12:05:04,370,617
883,John Allen,90274 Samuel Parks Brendaport. MP 04215,2005-06-18,15:56:39,286,239
884,Frank Hudson,92852 Melinda Falls Apt. 978 South Oliviaton. OH 76881,2019-08-18,05:01:35,46,95
885,April Turner,941 Roach Pines Aaronside. MA 33908,1974-11-15,01:48:07,569,821
886,Lori Hull,4046 David Village Suite 246 Morrowbury. FM 59548,2020-08-21,10:06:42,73,373
887,Dale Brady,5121 Taylor Park Apt. 078 West Kurt. NM 17095,1972-07-07,18:29:55,59,444
888,Anthony Kelley,0878 Mendoza Grove Heatherstad. DE 46124,1980-11-10,23:17:29,12,252
889,Karen Benton,Unit 1658 Box 0534 DPO AE 33193,1971-03-04,02:35:09,399,189
890,Debra Turner,737 Karen Stream West Ashleyburgh. GU 01189,1997-12-31,00:41:50,337,657
891,David Hughes,3596 Thomas Spurs North Lisa. GA 78629,1976-09-24,01:42:11,825,652
892,Mark Mcgrath,11371 Woods Camp Apt. 991 New Matthew. VA 79021,1973-10-06,17:11:00,828,902
893,Sherry Deleon,937 Annette Avenue Ruizton. KY 37833,1993-02-27,10:30:29,843,338
894,Amy Pope,60917 Kaitlyn Island South Laurenburgh. GU 36921,1993-05-28,07:17:59,373,730
895,Amanda Copeland,119 Robert Plains North Reginald. IL 40426,1971-10-04,07:42:18,116,172
896,Heather Long,8012 Joseph Loaf North Richardshire. FL 11850,2020-11-24,02:45:25,252,358
897,Matthew Guzman,982 Diaz Garden Suite 772 Lake Randy. WA 38757,1978-10-26,21:56:55,836,46
898,Benjamin Bailey,40038 Thomas Mill Apt. 736 Davidton. NM 44349,2005-10-30,06:14:41,173,318
899,Isaac Morse,3040 Martinez Ports Apt. 044 Yatesberg. WV 23008,1971-12-01,01:26:41,3,430
900,Leah Reilly,640 Raymond Burgs Alejandrofort. IL 48669,1973-10-22,10:56:24,289,830
901,Jeremy Orozco,2293 Castillo Plaza Melissastad. CA 34581,2004-07-09,12:53:36,375,424
902,Anthony Scott,685 Gonzales Stream North Hollytown. DC 23729,1997-01-22,10:00:08,246,186
903,Anna Harris,Unit 9687 Box 7234 DPO AA 07412,2002-02-09,19:19:16,766,51
904,Nicole Turner,08811 Louis Field Andrewtown. ID 36096,1990-11-13,16:37:23,983,573
905,Mark Adams,976 Warren Villages Mariaburgh. TX 92068,2016-06-15,12:50:10,143,537
906,Michael Roberson,369 Pennington Gardens Elizabethview. IA 95841,2007-01-10,01:29:16,81,475
907,Lisa Mendez,43509 Sara Street Hudsonland. CO 32354,1976-03-12,23:32:06,234,366
908,Allen Dawson,69290 Alyssa Forest Suite 735 Susanport. IL 22978,2011-12-12,17:08:02,957,566
909,Melanie Young,USCGC Dickerson FPO AA 21497,1974-05-23,14:28:51,74,575
910,Nicholas Duffy,13246 Bruce Mountain Shannonmouth. FL 01184,1979-09-08,19:35:49,435,501
911,Jay Johnson MD,548 Stacey Pines Thomasborough. AZ 81976,1991-02-20,07:00:41,666,641
912,Jason Carter,606 Hayes Extension Apt. 401 Cooperport. NJ 91665,1989-07-30,16:21:10,561,555
913,Judith Walker,50544 Campos Branch Apt. 398 Kevinshire. MI 56191,1978-05-08,00:51:46,565,188
914,Juan Lam,043 Kurt Islands Apt. 418 Jordanland. SC 16769,2006-08-05,03:12:31,849,281
915,Briana Alexander,989 Arroyo Ville East Ashley. MS 44748,1997-10-11,01:32:15,76,921
916,Sharon Patterson,06880 Kevin Alley Suite 862 North Nicole. MH 20551,2014-05-08,12:46:19,949,812
917,Mrs. Sydney Mcdaniel DDS,423 Gonzalez Crescent Apt. 587 North Suzanne. HI 56174,2008-11-12,10:57:18,352,929
918,Casey Robinson,30020 Miller Fields Apt. 199 South Vincentside. OR 71372,1971-09-05,12:55:50,680,249
919,Megan Mcdaniel,1456 Deleon Rest Apt. 369 Williamsmouth. NY 43750,1971-02-09,01:42:20,29,233
920,Chelsea King,94266 Anderson Manors Caitlinstad. VI 93212,1989-07-25,09:00:58,133,407
921,Cynthia Reese,852 Brenda Roads Suite 071 Michealburgh. SD 23793,1993-11-16,01:12:01,920,102
922,Amanda Gonzales,672 David Overpass Suite 372 Stevenburgh. FM 48533,1976-07-20,20:00:27,603,578
923,Michael Perez,493 Gonzalez Mall Apt. 715 Port Joseph. FM 82260,1972-06-05,15:54:14,647,87
924,Michael Oneill DDS,94651 Weaver Light Marquezville. NE 63990,2020-03-16,20:49:24,850,281
925,John Miller,826 Tanya Harbor Apt. 388 Deborahbury. SD 25251,1990-05-10,22:33:39,992,205
926,Rachel Rodgers,138 Hannah Station Suite 930 Duncanton. OR 86014,2024-01-16,19:53:19,429,92
927,Cheryl Lewis,8192 Mcintosh Courts Suite 114 Kellyside. WA 63819,1993-06-30,13:43:48,683,529
928,Kara Lawson,USCGC Lopez FPO AP 05832,1999-04-04,20:11:02,937,226
929,Sandra Lee,96970 Luna Camp Suite 089 Sharonfort. PW 07739,1997-11-27,15:14:45,969,610
930,Barbara Jones,864 Franco Roads Paulburgh. TN 43348,1970-11-23,22:14:22,127,929
931,John Smith,9753 Elizabeth Springs Lake Jamesburgh. RI 08453,1979-11-20,20:08:10,910,337
932,Justin Evans,3898 Tony Stravenue Apt. 569 Josephton. OK 54994,2013-03-02,09:26:10,670,162
933,Christopher Nguyen,814 Jeffery Summit Gomezborough. WV 74665,2020-03-07,11:26:41,413,247
934,Mary Ramirez,2118 Zamora Camp North Scott. CO 25681,1983-10-13,09:59:45,671,50
935,Jacob Rogers,520 Judy Skyway Port Brianfurt. HI 80230,1978-02-28,14:53:49,277,28
936,Christopher Martin,05487 Garza Pass Petersstad. VT 15072,2023-08-26,15:00:35,709,558
937,Janice Morgan,61927 Anderson Center North Brandonville. MH 43301,1978-01-16,10:44:22,927,399
938,Mrs. Julie Serrano,836 Joshua Walks Apt. 012 North Steven. IL 64343,2016-10-22,04:20:47,797,819
939,John Smith,450 Dylan Flat Apt. 902 Davisborough. DE 37639,1993-02-09,17:30:31,217,113
940,Ariel Dillon,553 Megan Keys Suite 654 Burgessmouth. FM 63372,2015-03-19,06:24:17,825,887
941,Juan Suarez,2580 Tonya Turnpike Port Gabrielle. WV 37124,1991-03-16,11:09:21,983,237
942,Justin Banks,980 Johnson Crossroad New Paulchester. KS 41714,1970-01-11,13:55:09,83,125
943,Aaron Cochran,9843 Samuel Fork South Sarashire. KS 70480,2010-06-03,18:17:16,323,797
944,Nichole Lawson,483 Andrew Mills Apt. 507 Suarezchester. WI 86385,1987-10-14,01:46:41,760,860
945,Melvin Castro,133 Baird Islands Amberburgh. ID 47013,2014-11-01,14:38:34,516,54
946,Gabriel Kim,97145 Brittany Locks Williamsmouth. NC 22416,2012-12-15,08:59:51,592,398
947,Sean Riley,Unit 3404 Box 3150 DPO AP 90361,1983-02-11,15:39:27,466,323
948,James Bailey,6044 Anthony View West Adam. WY 76349,1984-01-06,13:49:20,236,944
949,Jennifer Garcia,Unit 9913 Box 4281 DPO AP 79037,1975-04-13,02:39:54,207,604
950,Adam Clark,976 Bradshaw Throughway East Sarah. NV 77193,2021-04-13,08:14:49,445,445
951,Susan Boyle,51769 Bryant Villages North Taylorland. NV 50113,1998-04-19,16:39:04,989,425
952,Ann Dennis,5917 Lauren Park Apt. 098 Lake Melindastad. IA 28460,1989-10-16,11:44:08,944,669
953,George Wilson,PSC 5789. Box 6022 APO AP 95348,2014-08-31,21:48:39,423,66
954,Sarah Berger,21240 Desiree Port Lake Sheilahaven. NY 28622,2009-08-19,21:01:36,234,819
955,Rebecca Mccarty,128 Nolan Ranch Johnmouth. NC 15201,2019-11-03,17:54:54,437,990
956,Dr. Heidi Wong,79466 Sheri Divide Jeremyhaven. NC 77109,2015-03-07,17:27:22,17,681
957,Jeremiah Johnson,02090 Ronald Place Lynchmouth. DC 38457,2006-07-26,07:19:32,8,368
958,Anna Cross,856 Robin Forges Apt. 269 Suttonstad. WY 54729,2015-12-16,17:45:53,333,537
959,Judy Green,34709 Pratt Route Mcintyrefurt. KY 53126,1990-05-16,01:32:11,144,896
960,Richard Hernandez,Unit 5013 Box 1406 DPO AA 41429,2019-01-21,16:25:02,890,577
961,Robert Miller,70997 Myers Tunnel Suite 863 Rubioland. WI 21604,1978-01-27,22:07:38,300,300
962,Gregory Hernandez,28150 Shawn Locks Apt. 033 Deborahstad. DC 47078,2008-06-10,05:58:29,88,845
963,Andrew Moore,0396 Jason Garden Suite 423 North Lisa. AS 37332,2013-03-06,12:27:45,883,536
964,Jermaine Haney,59781 Middleton Plaza Apt. 156 Lake Adamberg. MA 26262,2012-10-26,16:01:05,312,435
965,Caroline Grimes,204 Robles Greens North Jessica. NY 99544,1977-09-16,23:38:20,775,740
966,Olivia Wall,Unit 5896 Box 9146 DPO AP 36228,2016-08-11,18:09:07,176,206
967,Bob Campos,PSC 4754. Box 3254 APO AP 12083,2024-07-12,04:08:33,736,748
968,Stephen Graham,06708 Silva Fall New Curtis. WV 68804,1973-06-07,16:47:37,35,16
969,Alicia Haynes,1612 Arnold Lake Suite 204 Lindsayfort. KY 83860,1987-01-23,06:45:42,458,180
970,Logan Grant,346 James Shoals West Carlachester. HI 40359,1982-04-15,11:45:57,928,522
971,Deborah Bass,266 Elizabeth Vista Apt. 642 Osborneburgh. MI 98867,1985-04-27,17:25:08,507,723
972,Anthony Wilson,51903 Crosby Fall Suite 267 Port Amyhaven. PW 61604,1972-10-10,14:10:24,43,90
973,Amber Turner,54331 Julie Neck Suite 493 Davisburgh. NV 91252,2017-02-15,16:11:01,357,787
974,Eric Lopez,05662 Joanne Branch Apt. 567 Camposmouth. IA 26940,1982-11-17,07:07:49,556,623
975,Anthony Moore,317 Cooper Junction Valeriemouth. ME 51539,2003-03-13,17:22:39,974,445
976,Danielle Davis,0208 Erica Mission Apt. 999 New Leahborough. NC 90110,2021-08-23,03:58:24,420,498
977,Daniel French,907 Barrett Estates South Christopherfort. IL 71588,1987-03-30,13:48:51,818,205
978,Samantha Cochran,7228 Lee Mission South Lisa. MT 18144,1983-01-16,19:04:21,74,847
979,Christina Foster,151 Simmons Causeway Beckybury. MA 62175,1984-06-12,11:23:32,819,99
980,Jonathan Jordan,7167 Raymond Land Chanfort. SD 89018,2006-09-13,21:27:14,801,137
981,Sheila Barker,4665 Cindy Manor North Danielville. CO 23966,1973-07-17,05:45:11,780,259
982,Douglas Warren,PSC 0788. Box 1101 APO AE 72752,1996-07-19,17:52:20,402,494
983,Lisa Larsen,536 Cindy Center Apt. 816 Lake Nathan. GA 16738,1990-01-28,18:58:00,892,830
984,Tina Rush,500 Steele Viaduct Ronaldstad. SD 24465,2008-11-28,17:27:30,115,691
985,Mark Lam,168 Valerie Circles North Christopherville. GU 44890,2000-06-07,21:13:27,336,423
986,Lucas Hill,67438 Jordan Camp Lake Lindamouth. GA 47592,2003-02-22,16:21:56,819,596
987,David Frank,031 Watts Street Douglasburgh. MP 24186,1999-06-16,23:24:21,340,913
988,Luis Johnson,99766 Sarah Harbors Jenniferhaven. ND 59578,2015-11-05,16:21:33,418,71
989,Rachel Baker,568 Kim Shores Suite 248 Lake Coreymouth. MO 46845,2002-09-17,16:53:37,185,791
990,Erin Kennedy,36664 Ashley Shores Apt. 879 Jonesland. CO 27113,2023-01-15,09:43:34,984,571
991,Samantha Allen,7557 Christine Corner Apt. 927 New Jeremyborough. KY 41892,2012-07-18,20:58:57,691,307
992,Heather Wall,4846 Lee Throughway Apt. 021 West Thomasbury. AZ 10025,2024-01-30,05:48:52,429,575
993,Sara Martin,280 William Spurs Apt. 361 Simmonsfort. SC 20361,2024-07-14,18:18:54,152,931
994,Amanda Hayes,54298 Greer Cliffs Jacksonborough. WI 70657,2016-11-29,13:24:07,908,747
995,Tammy King,590 Austin Crossroad Adammouth. AL 57866,1984-06-06,04:21:30,508,261
996,Heidi Clark,6637 Harris Drives Tannerland. VI 45809,1979-07-28,15:52:22,677,639
997,John Kramer,40160 Guzman Place Suite 987 Lake Catherineberg. MP 93556,1971-04-13,06:11:48,399,269
998,Mary Daugherty,6971 Juan Burg Apt. 555 North Stephenborough. AS 90648,1991-07-14,04:54:00,774,322
999,Clifford Nixon,55047 Martin Courts Apt. 376 Denisehaven. IA 77590,1991-01-23,09:35:03,396,985
